,Celltype
AATCACGAGCAGCCCT-1,10
AATCACGAGGAACTCG-1,3
AATCACGCACTACCGG-1,2
AATCACGCATGAATAG-1,10
AATCACGGTATAGGAT-1,9
AATCACGGTCGAATGG-1,10
AATCACGGTGTCTAAC-1,5
AATCACGTCCACGTAA-1,5
AATCACGTCCCGTTGT-1,9
AATCACGTCGCCTTGT-1,4
AATCACGTCGTTTACT-1,8
AATCACGTCTCACTCG-1,3
ACAGAAAAGACCATTC-1,8
ACAGAAAAGCGACATG-1,0
ACAGAAAAGGCCTAGA-1,2
ACAGAAAAGGTACAGC-1,5
ACAGAAAAGGTTACAA-1,5
ACAGAAACAATAGTAG-1,10
ACAGAAACACAGAGAC-1,1
ACAGAAACAGACCTAT-1,4
ACAGAAACAGCTACTA-1,8
ACAGAAACATCAGTGT-1,9
ACAGAAAGTCGAATGG-1,2
ACAGAAAGTCGTATGT-1,9
ACAGAAAGTTGGACCC-1,7
ACAGAAATCGACGCGT-1,9
ACAGAAATCTCGAGTA-1,9
ACAGAAATCTGAATCG-1,3
ACAGAAATCTTAGCCC-1,8
ACCCTTGAGACGTCCC-1,8
ACCCTTGAGACGTCGA-1,9
ACCCTTGAGAGAGCGG-1,6
ACCCTTGCAAGCCATT-1,6
ACCCTTGCACCAGCGT-1,8
ACCCTTGGTCACGCTG-1,10
ACCCTTGGTCGGTGTC-1,4
ACCCTTGGTGACGCCT-1,5
ACCCTTGGTTACACAC-1,9
ACCCTTGTCCTACAAG-1,8
ACCCTTGTCGTCGGGT-1,5
ACCCTTGTCTCACTCG-1,4
ACGTCCTAGATCACCT-1,2
ACGTCCTAGCGAATGC-1,5
ACGTCCTAGGGCGAAG-1,4
ACGTCCTAGGTTGCCC-1,2
ACGTCCTCAAACCATC-1,3
ACGTCCTCAAGAGTAT-1,4
ACGTCCTCATGAATAG-1,3
ACGTCCTCATTATGCG-1,7
ACGTCCTGTATGCGTT-1,10
ACGTCCTGTCCCGTGA-1,4
ACGTCCTGTGCACAAG-1,5
ACGTCCTTCCCAAGCG-1,5
ACGTCCTTCGCGGTAC-1,9
ACGTCCTTCTGCCCTA-1,9
ACGTCCTTCTGTGCGG-1,10
ACGTCCTTCTTAGCCC-1,5
ACTATTCAGCAATTAG-1,9
ACTATTCAGGCCTAGA-1,4
ACTATTCAGTAATTGG-1,5
ACTATTCCAATCTCGA-1,4
ACTATTCCAATCTGCA-1,2
ACTATTCCACTTCAGA-1,1
ACTATTCCATCCTTCG-1,2
ACTATTCGTAACTTCG-1,5
ACTATTCGTATGCGTT-1,7
ACTATTCGTCACGCTG-1,7
ACTATTCGTGCCTTCT-1,4
ACTATTCGTTGGGATG-1,0
ACTATTCTCACAAGAA-1,7
ACTATTCTCCGGACGT-1,1
ACTATTCTCGCGGTAC-1,3
ACTATTCTCTCCAATT-1,1
ACTATTCTCTCGAGTA-1,4
ACTATTCTCTGCCCTA-1,1
ACTATTCTCTTAGCCC-1,0
ACTGTGAAGAGAGCGG-1,0
ACTGTGAAGCAGGTCA-1,7
ACTGTGAAGCTTAAGA-1,3
ACTGTGAAGGAACTCG-1,3
ACTGTGAAGGATCACG-1,9
ACTGTGAAGGCGTTAG-1,2
ACTGTGAAGGCTCAAG-1,0
ACTGTGAAGGGAGGTG-1,3
ACTGTGAAGTGGCCTC-1,7
ACTGTGACAATTAGGA-1,9
ACTGTGACACAAATCC-1,5
ACTGTGACACCAGCGT-1,2
ACTGTGACACTATGTG-1,9
ACTGTGACAGCTGCCA-1,4
ACTGTGACATCCTATT-1,1
ACTGTGACATCCTTCG-1,9
ACTGTGACATTATGCG-1,2
ACTGTGAGTATGAGCG-1,0
ACTGTGAGTCAAGCCC-1,3
ACTGTGAGTCCACACG-1,9
ACTGTGAGTGCACAAG-1,7
ACTGTGAGTTCCGTTC-1,7
ACTGTGATCAATCCAG-1,8
ACTGTGATCTAGTCAG-1,8
ACTGTGATCTCATAGG-1,3
ACTGTGATCTCTAGGA-1,1
ACTTTCAAGAAATTGC-1,2
ACTTTCAAGATGCTTC-1,5
ACTTTCAAGCACTCTA-1,9
ACTTTCAAGCCTCTGG-1,5
ACTTTCAAGCGACATG-1,10
ACTTTCAAGGTTGGAC-1,4
ACTTTCAAGTCATCCA-1,4
ACTTTCACAAATGCGG-1,3
ACTTTCACAAGAGAGA-1,8
ACTTTCACAAGCCATT-1,1
ACTTTCACAAGTAGTA-1,4
ACTTTCACACTAAACC-1,4
ACTTTCACACTTCAGA-1,2
ACTTTCACAGGGAATC-1,5
ACTTTCACATCAGTGT-1,4
ACTTTCAGTAGTGTGG-1,7
ACTTTCAGTATGCGTT-1,4
ACTTTCAGTGATTGGG-1,1
ACTTTCAGTGTCTAAC-1,4
ACTTTCAGTTACACAC-1,9
ACTTTCATCAAAGGTA-1,4
ACTTTCATCTGGCTGG-1,8
ACTTTCATCTGTGCGG-1,4
AGACACTAGACCATTC-1,4
AGACACTAGCAATTAG-1,2
AGACACTAGGGAGGTG-1,10
AGACACTAGTATAACG-1,10
AGACACTCAACGCATT-1,9
AGACACTCAAGAGTAT-1,3
AGACACTCACATGAAA-1,4
AGACACTCACCCTCTA-1,2
AGACACTCACTACGGC-1,11
AGACACTCATCCTATT-1,4
AGACACTGTAATGCTC-1,5
AGACACTGTACGGGAT-1,10
AGACACTGTAGCGTAG-1,7
AGACACTGTATACCTG-1,3
AGACACTGTGCGGTAA-1,3
AGACACTGTGTCTAAC-1,2
AGACACTTCAAAGGTA-1,5
AGACACTTCTTAGCAG-1,9
AGGGAGTAGCACCTGC-1,4
AGGGAGTAGCACTCTA-1,2
AGGGAGTAGGATCACG-1,10
AGGGAGTAGGGCGAAG-1,4
AGGGAGTAGGTTACAA-1,4
AGGGAGTAGGTTGGAC-1,7
AGGGAGTAGTAGTCTC-1,8
AGGGAGTGTACTGAGG-1,3
AGGGAGTGTAGCGTAG-1,7
AGGGAGTGTAGTGTGG-1,10
AGGGAGTGTTCGGCTG-1,0
AGGGAGTTCAAGAAAC-1,9
AGGGAGTTCATGCCCT-1,10
AGGGAGTTCCCAACTC-1,5
AGGGAGTTCCGCTTAC-1,7
AGGGAGTTCGAACGCC-1,5
AGGGAGTTCTCGAGTA-1,10
AGGGAGTTCTCTAGGA-1,10
AGGGTGAAGCACCTGC-1,7
AGGGTGAAGCTTAAGA-1,10
AGGGTGAAGGCCTAGA-1,7
AGGGTGAAGGCGTTAG-1,9
AGGGTGAAGGGAGGTG-1,7
AGGGTGAAGTCATCCA-1,2
AGGGTGACACTACGGC-1,10
AGGGTGACAGCAGTGA-1,8
AGGGTGACATCAGTGT-1,10
AGGGTGACATCCTTCG-1,10
AGGGTGAGTCAAGCGA-1,10
AGGGTGAGTTAAGTCC-1,2
AGGGTGATCATCGCTC-1,9
AGGGTGATCCATTGCC-1,11
AGGGTGATCCGAGAAG-1,9
AGGGTGATCCGCTTAC-1,8
AGGGTGATCGAACGCC-1,8
AGTAACCAGCTCACTA-1,7
AGTAACCAGTGTTGAA-1,1
AGTAACCCAAACCATC-1,8
AGTAACCCACCGTGAC-1,7
AGTAACCCACGCGCAT-1,5
AGTAACCCACTAAACC-1,10
AGTAACCCACTACACA-1,6
AGTAACCGTAGCGTAG-1,11
AGTAACCGTCGAATGG-1,4
AGTAACCGTCGTGCCA-1,7
AGTAACCGTCTAGGTT-1,4
AGTAACCGTTGGACCC-1,9
AGTAACCTCAAGAAAC-1,4
AGTAACCTCGCGGTAC-1,4
AGTAACCTCTCCAATT-1,2
AGTAACCTCTGGCTGG-1,10
AGTAGTCAGACCAGAC-1,7
AGTAGTCAGCGAATGC-1,4
AGTAGTCAGCTTGTTG-1,0
AGTAGTCAGGAACTCG-1,4
AGTAGTCAGTAGTCTC-1,0
AGTAGTCCAAGAGTAT-1,0
AGTAGTCCAGCTGCCA-1,8
AGTAGTCGTATGCGTT-1,10
AGTAGTCGTGATTGGG-1,4
AGTAGTCGTGGCTTAT-1,0
AGTAGTCGTTCGAAGG-1,4
AGTAGTCTCATGCCCT-1,0
AGTAGTCTCCCGTTGT-1,8
AGTAGTCTCGCGGTAC-1,10
AGTAGTCTCGTAGAGG-1,5
AGTGACTAGACGTCCC-1,3
AGTGACTAGCATTGAA-1,8
AGTGACTAGCGAATGC-1,10
AGTGACTAGGAACTCG-1,2
AGTGACTAGGATCACG-1,10
AGTGACTAGGCGTTAG-1,3
AGTGACTAGTAGGAAG-1,7
AGTGACTAGTGTTGAA-1,9
AGTGACTCAATCTGCA-1,4
AGTGACTCACCGTGAC-1,6
AGTGACTCATTATGCG-1,7
AGTGACTGTACGGGAT-1,2
AGTGACTGTAGTGTGG-1,8
AGTGACTGTGGCTTAT-1,11
AGTGACTTCATTTGGG-1,4
AGTGACTTCCCAAGCG-1,9
AGTGACTTCGCCCAGA-1,11
AGTGACTTCGTTTACT-1,8
AGTGACTTCTAGTCAG-1,4
AGTGACTTCTCTAGGA-1,7
ATGAGTCAGATACCAA-1,5
ATGAGTCAGGCCTAGA-1,7
ATGAGTCAGTCCCAAT-1,4
ATGAGTCCACATGAAA-1,4
ATGAGTCCATGGCTAT-1,3
ATGAGTCGTATAGGAT-1,0
ATGAGTCGTCACTCGG-1,9
ATGAGTCGTCGTGCCA-1,4
ATGAGTCGTGCACAAG-1,2
ATGAGTCGTTAAGCAA-1,4
ATGAGTCGTTTGATCG-1,0
ATGAGTCTCAATCCAG-1,5
ATGAGTCTCATCGCTC-1,8
ATGAGTCTCCTTATCA-1,5
ATGAGTCTCCTTCACG-1,5
ATGAGTCTCGTTTACT-1,2
CACAGATAGCAGGTCA-1,5
CACAGATAGCCTCTGG-1,3
CACAGATAGCGACATG-1,5
CACAGATAGTCCCAAT-1,9
CACAGATCAAGAGAGA-1,8
CACAGATCAAGAGTAT-1,3
CACAGATCAATTAGGA-1,4
CACAGATCACGCGCAT-1,6
CACAGATCACTAAACC-1,5
CACAGATCAGCTGCCA-1,9
CACAGATCAGGGAATC-1,2
CACAGATCATGTTCGA-1,0
CACAGATGTCAAGCCC-1,8
CACAGATGTCACTCGG-1,5
CACAGATGTCCTTAAG-1,8
CACAGATGTGCACAAG-1,4
CACAGATGTTAAGACA-1,8
CACAGATGTTCCACGG-1,10
CACAGATGTTGGAGGT-1,8
CACAGATTCAAGAAAC-1,2
CACAGATTCATGCCCT-1,6
CACAGATTCCATTGCC-1,2
CACAGATTCCCAACTC-1,0
CACAGATTCCGTATGA-1,8
CACAGATTCGTAGAGG-1,7
CACAGATTCGTTTACT-1,3
CAGCAGCAGCTCTGTA-1,5
CAGCAGCAGGCTCAAG-1,10
CAGCAGCAGGTTGCCC-1,5
CAGCAGCAGTCATCCA-1,7
CAGCAGCCACTTCAGA-1,2
CAGCAGCCAGGGAATC-1,9
CAGCAGCCATCCTTCG-1,0
CAGCAGCCATGAAGGC-1,8
CAGCAGCCATGGCTAT-1,9
CAGCAGCGTAACTTCG-1,4
CAGCAGCGTCCCGGTA-1,9
CAGCAGCGTCTAGGTT-1,10
CAGCAGCGTTACACAC-1,4
CAGCAGCGTTAGGAGC-1,0
CAGCAGCGTTCCGTTC-1,10
CAGCAGCTCCGAGAAG-1,3
CAGCAGCTCCGTATGA-1,7
CAGCAGCTCGCCACTT-1,7
CAGCGTGAGACCAGAC-1,2
CAGCGTGAGATCGCCC-1,4
CAGCGTGAGGGAGGTG-1,3
CAGCGTGAGGTTGGAC-1,4
CAGCGTGCACACCGCA-1,0
CAGCGTGCACAGAGAC-1,11
CAGCGTGCATCCTATT-1,4
CAGCGTGCATGGCTAT-1,9
CAGCGTGGTAACTTCG-1,4
CAGCGTGGTATAGGAT-1,10
CAGCGTGGTCCCGGTA-1,4
CAGCGTGGTCTTCATT-1,8
CAGCGTGGTTAAGACA-1,4
CAGCGTGTCATCGCTC-1,7
CAGCGTGTCATGCCCT-1,1
CAGCGTGTCCCGTTGT-1,0
CAGCGTGTCCGCTTAC-1,5
CAGCGTGTCGCCTTGT-1,10
CAGCGTGTCGTCGGGT-1,0
CAGCGTGTCTAGTCAG-1,4
CAGCGTGTCTGCCCTA-1,5
CAGGCCAAGATCACCT-1,5
CAGGCCAAGGTACAGC-1,4
CAGGCCAAGTGGCCTC-1,5
CAGGCCACAAGAGAGA-1,2
CAGGCCACACATGAAA-1,5
CAGGCCACATATCTGG-1,5
CAGGCCAGTACTGAGG-1,2
CAGGCCAGTCACGCTG-1,8
CAGGCCAGTCGGTGTC-1,8
CAGGCCAGTTAAGTCC-1,5
CATACAGAGAAATTGC-1,5
CATACAGAGCAGGTCA-1,10
CATACAGAGCGACATG-1,2
CATACAGAGCTTAAGA-1,5
CATACAGAGGTTACAA-1,5
CATACAGCAAGAGAGA-1,7
CATACAGCACCAGCGT-1,5
CATACAGCACTACACA-1,6
CATACAGCAGCTGCCA-1,4
CATACAGCATATCTGG-1,9
CATACAGGTCACTCGG-1,11
CATACAGGTGTCTAAC-1,5
CATACAGGTTGGACCC-1,4
CATACAGGTTGGGATG-1,4
CCCTCTCAGACGTCCC-1,4
CCCTCTCAGCAGGTCA-1,7
CCCTCTCAGGTCTACT-1,10
CCCTCTCAGTCATCCA-1,4
CCCTCTCCAAATGCGG-1,8
CCCTCTCCACACCGCA-1,5
CCCTCTCCACAGAGAC-1,9
CCCTCTCCATTATGCG-1,2
CCCTCTCGTACGGGAT-1,11
CCCTCTCGTATACCTG-1,2
CCCTCTCGTCACTCGG-1,9
CCCTCTCGTCTAGGTT-1,4
CCCTCTCGTGACGCCT-1,3
CCCTCTCGTGCACAAG-1,1
CCCTCTCGTGCGGTAA-1,7
CCCTCTCGTTCCACGG-1,2
CCCTCTCGTTGGACCC-1,3
CCCTCTCTCCCAAGCG-1,10
CCCTCTCTCCGCACGA-1,0
CCCTCTCTCGAACGCC-1,10
CCCTCTCTCTCCGAGG-1,10
CCCTCTCTCTCTAGGA-1,5
CGGCAGTAGAGAGCGG-1,2
CGGCAGTCACACCGCA-1,8
CGGCAGTCACCAGCGT-1,4
CGGCAGTCAGTGTGCC-1,0
CGGCAGTCATCCTATT-1,8
CGGCAGTGTAGAATGT-1,4
CGGCAGTGTAGGTTTC-1,1
CGGCAGTGTATAGGAT-1,0
CGGCAGTGTATGCGTT-1,5
CGGCAGTGTCCACACG-1,0
CGGCAGTGTCGAATGG-1,5
CGGCAGTGTGCCTTCT-1,9
CGGCAGTGTTACACAC-1,3
CGGCAGTGTTGGAGGT-1,8
CGGCAGTGTTTGATCG-1,3
CGGCAGTTCCGGACGT-1,10
CGTCCATAGCTCTGTA-1,3
CGTCCATAGTGTTGAA-1,4
CGTCCATCACGCGCAT-1,9
CGTCCATCACTACACA-1,1
CGTCCATCAGCAGTGA-1,4
CGTCCATCAGGGAATC-1,0
CGTCCATCATATCTGG-1,10
CGTCCATGTAGGTTTC-1,5
CGTCCATGTCAAGCGA-1,2
CGTCCATGTGCACAAG-1,4
CGTCCATGTTAGGAGC-1,8
CGTCCATGTTCGGCTG-1,5
CGTCCATTCTGCCCTA-1,11
GAGGGTAAGACCAGAC-1,4
GAGGGTAAGCACCTGC-1,10
GAGGGTAAGCGACATG-1,5
GAGGGTAAGGCCTAGA-1,7
GAGGGTAAGGGAGGTG-1,11
GAGGGTAAGGTCTACT-1,8
GAGGGTAAGTCTTGGT-1,1
GAGGGTAAGTGTTGAA-1,4
GAGGGTACAAATGCGG-1,5
GAGGGTACAGGTTCAT-1,4
GAGGGTAGTAGTGTGG-1,1
GAGGGTAGTTAGGAGC-1,5
GAGGGTAGTTCGAAGG-1,10
GAGGGTAGTTCGGCTG-1,4
GAGGGTAGTTGGACCC-1,10
GAGGGTATCAGGGATG-1,4
GAGGGTATCCGGACGT-1,5
GAGGGTATCGAACGCC-1,8
GAGGGTATCGTTCCTG-1,9
GAGGGTATCTCCGAGG-1,10
GAGTTGTAGCAATTAG-1,3
GAGTTGTAGCCTCTTC-1,9
GAGTTGTCAAGTAGTA-1,3
GAGTTGTCAAGTCGTT-1,7
GAGTTGTCACTAAACC-1,10
GAGTTGTCAGTGTGCC-1,0
GAGTTGTCATGAATAG-1,9
GAGTTGTGTCGTGCCA-1,2
GAGTTGTGTCTAGGTT-1,4
GAGTTGTGTGCCTTCT-1,10
GAGTTGTGTTCCACGG-1,10
GAGTTGTGTTCGAAGG-1,7
GAGTTGTTCCGCTTAC-1,5
GCGTTTCAGATACCAA-1,4
GCGTTTCAGCTCACTA-1,4
GCGTTTCAGCTCTGTA-1,2
GCGTTTCAGCTTGTTG-1,4
GCGTTTCAGGAACTCG-1,0
GCGTTTCAGGATCACG-1,8
GCGTTTCAGGTACAGC-1,5
GCGTTTCAGGTTGCCC-1,4
GCGTTTCCACCGTGAC-1,11
GCGTTTCCAGCTGCCA-1,10
GCGTTTCCATGGCTAT-1,8
GCGTTTCGTAACTTCG-1,3
GCGTTTCGTAGCGTAG-1,8
GCGTTTCGTAGTGTGG-1,5
GCGTTTCGTATGCGTT-1,5
GCGTTTCGTCAAGCCC-1,8
GCGTTTCGTCGAATGG-1,4
GCGTTTCGTCTAGGTT-1,8
GCGTTTCGTGACAGGT-1,7
GCGTTTCGTTCGAAGG-1,10
GCGTTTCTCATTTGGG-1,2
GCGTTTCTCCCAAGCG-1,1
GCGTTTCTCCCGTTGT-1,4
GCGTTTCTCTAGTCAG-1,4
GCGTTTCTCTGCCCTA-1,4
GGTAACTAGATGCTTC-1,5
GGTAACTAGCCTCTGG-1,10
GGTAACTAGCTTAAGA-1,0
GGTAACTAGGGCGAAG-1,10
GGTAACTAGTGCGTCC-1,8
GGTAACTCACAAATCC-1,10
GGTAACTCAGACCTAT-1,8
GGTAACTCATCTCCCA-1,7
GGTAACTGTCACGCTG-1,4
GGTAACTGTGACAGGT-1,9
GGTAACTGTTACACAC-1,5
GGTAACTGTTGGACCC-1,5
GGTAACTTCCAATCCC-1,4
GGTAATCAGACGTCGA-1,0
GGTAATCAGATGCTTC-1,6
GGTAATCAGCTCTGTA-1,8
GGTAATCAGTCATCCA-1,5
GGTAATCAGTGCGTCC-1,4
GGTAATCCAAGTAGTA-1,0
GGTAATCCACTTCAGA-1,9
GGTAATCGTATGAGCG-1,10
GGTAATCGTCAAGCCC-1,0
GGTAATCGTTCCGTTC-1,9
GGTAATCGTTCGGCTG-1,9
GGTAATCTCGTTCCTG-1,7
GGTAATCTCTGTGCGG-1,4
GTCAAGTAGATCACCT-1,3
GTCAAGTAGATCGCCC-1,2
GTCAAGTAGATGCTTC-1,4
GTCAAGTAGCACCTGC-1,10
GTCAAGTAGCAGCCCT-1,10
GTCAAGTAGCTCTGTA-1,4
GTCAAGTCAAACCATC-1,7
GTCAAGTCAAGAGAGA-1,5
GTCAAGTCACACCGCA-1,5
GTCAAGTCACATATGC-1,1
GTCAAGTCACCGTGAC-1,10
GTCAAGTGTAGCGTAG-1,5
GTCAAGTGTGCGGTAA-1,3
GTCAAGTGTTAGGAGC-1,5
GTCAAGTGTTCCGTTC-1,1
GTCAAGTTCAAGAAAC-1,5
GTCAAGTTCATGCCCT-1,3
GTCAAGTTCTCCAATT-1,8
GTGAGCCAGATACCAA-1,9
GTGAGCCAGATCACCT-1,6
GTGAGCCAGCCTCTGG-1,7
GTGAGCCAGCTTAAGA-1,11
GTGAGCCAGGCGTTAG-1,10
GTGAGCCAGTAATTGG-1,7
GTGAGCCAGTAGGAAG-1,9
GTGAGCCCAAGAGTAT-1,9
GTGAGCCCACATGAAA-1,5
GTGAGCCGTATACCTG-1,4
GTGAGCCGTATAGGAT-1,3
GTGAGCCGTCTAGGTT-1,10
GTGAGCCGTCTTCATT-1,5
GTGAGCCGTTAAGACA-1,7
GTGAGCCGTTAAGTCC-1,5
GTGAGCCGTTACACAC-1,0
GTGAGCCGTTGGAGGT-1,5
GTGAGCCGTTGGGATG-1,10
GTGAGCCTCATTTGGG-1,6
GTGAGCCTCCCAACTC-1,2
GTGAGCCTCCCAAGCG-1,9
GTGAGCCTCCTGCTAC-1,4
GTGAGCCTCGTCGGGT-1,10
GTGAGCCTCTGAATCG-1,9
GTGGAGAAGAGAGCGG-1,2
GTGGAGAAGATCACCT-1,8
GTGGAGAAGCACCTGC-1,5
GTGGAGAAGCATTGAA-1,7
GTGGAGAAGGCTCAAG-1,3
GTGGAGAAGGTTACAA-1,4
GTGGAGAAGTAGGAAG-1,10
GTGGAGAAGTGGCCTC-1,1
GTGGAGACAAGTCGTT-1,5
GTGGAGACACATATGC-1,4
GTGGAGACATCTCCCA-1,4
GTGGAGACATGAATAG-1,4
GTGGAGAGTAGAATGT-1,4
GTGGAGAGTAGTGTGG-1,10
GTGGAGAGTATGCGTT-1,10
GTGGAGAGTGACAGGT-1,11
GTGGAGAGTGATTGGG-1,3
GTGGAGATCCACGTAA-1,4
GTGGAGATCCGCACGA-1,10
GTGGAGATCCGGACGT-1,9
GTGGAGATCTTAGCCC-1,10
GTGTGGCAGCCTCTTC-1,9
GTGTGGCAGCTCACTA-1,1
GTGTGGCAGGAACTCG-1,7
GTGTGGCAGGTCTACT-1,6
GTGTGGCAGTAATTGG-1,10
GTGTGGCAGTGCGTCC-1,9
GTGTGGCAGTGTTGAA-1,5
GTGTGGCCAAGCCATT-1,4
GTGTGGCCACAGAGAC-1,5
GTGTGGCCACATGAAA-1,10
GTGTGGCCACTAAACC-1,7
GTGTGGCCACTTCAGA-1,5
GTGTGGCCAGTTTCGA-1,4
GTGTGGCCATGGCTAT-1,9
GTGTGGCGTAACTTCG-1,11
GTGTGGCGTATACCTG-1,1
GTGTGGCGTATAGGAT-1,7
GTGTGGCGTCGAATGG-1,5
GTGTGGCGTGTCTAAC-1,9
GTGTGGCGTTAGGAGC-1,5
GTGTGGCTCGCCACTT-1,5
GTGTGGCTCGCCCAGA-1,2
GTGTGGCTCGCGGTAC-1,5
TAACACGAGACCATTC-1,6
TAACACGAGAGAGCGG-1,4
TAACACGAGCACTCTA-1,2
TAACACGAGGCCTAGA-1,0
TAACACGCAACGCATT-1,6
TAACACGCAAGAGTAT-1,1
TAACACGCAATAGTAG-1,3
TAACACGCACTACACA-1,0
TAACACGCAGCTGCCA-1,4
TAACACGCAGGTTCAT-1,5
TAACACGCATTATGCG-1,5
TAACACGGTCAAGCCC-1,6
TAACACGGTGATTGGG-1,9
TAACACGGTGCCTTCT-1,6
TAACACGGTTCGGCTG-1,11
TAACACGTCACAAGAA-1,6
TAACACGTCAGGGATG-1,9
TAACACGTCTGAATCG-1,10
TAGGAGGAGACGTCCC-1,4
TAGGAGGAGCACCTGC-1,8
TAGGAGGAGGGCGAAG-1,7
TAGGAGGAGTAGGAAG-1,9
TAGGAGGAGTATAACG-1,4
TAGGAGGAGTCATCCA-1,4
TAGGAGGCAACCAATC-1,7
TAGGAGGCAACGCATT-1,8
TAGGAGGCAAGTCGTT-1,5
TAGGAGGCAATAGTAG-1,10
TAGGAGGCACTACGGC-1,9
TAGGAGGCATGGCTAT-1,4
TAGGAGGGTAACGCGA-1,5
TAGGAGGGTACTGAGG-1,5
TAGGAGGGTATAGGAT-1,10
TAGGAGGGTTAAGCAA-1,9
TAGGAGGGTTAAGTCC-1,2
TAGGAGGGTTACACAC-1,3
TAGGAGGGTTCCACGG-1,5
TAGGAGGTCAAAGGTA-1,5
TAGGAGGTCAAGAAAC-1,4
TAGGAGGTCACAAGAA-1,11
TAGGAGGTCCCAAGCG-1,4
TAGGAGGTCTGAATCG-1,7
TATTGCTAGATACCAA-1,1
TATTGCTAGATCACCT-1,8
TATTGCTAGATGCTTC-1,4
TATTGCTAGCCTCTGG-1,9
TATTGCTAGGCGTTAG-1,6
TATTGCTAGGGAGGTG-1,5
TATTGCTAGGGCGAAG-1,7
TATTGCTAGTGTGTTC-1,3
TATTGCTCAAGAGAGA-1,5
TATTGCTCAATCTCGA-1,10
TATTGCTCAATCTGCA-1,9
TATTGCTCACCCTCTA-1,6
TATTGCTCACTACCGG-1,9
TATTGCTCAGCTGCCA-1,3
TATTGCTGTAACTTCG-1,5
TATTGCTGTAGCGTAG-1,4
TATTGCTTCAGGGATG-1,10
TATTGCTTCCCGTTGT-1,4
TATTGCTTCGAACGCC-1,5
TATTGCTTCGACGCGT-1,4
TATTGCTTCTCACTCG-1,9
TCACGCTAGACCATTC-1,9
TCACGCTAGCTTGTTG-1,0
TCACGCTAGGTTACAA-1,9
TCACGCTAGTAATTGG-1,11
TCACGCTAGTCTTGGT-1,2
TCACGCTCAAGAGTAT-1,6
TCACGCTCAAGCCATT-1,9
TCACGCTCAATCTGCA-1,5
TCACGCTCACGCGCAT-1,9
TCACGCTCAGACCTAT-1,4
TCACGCTGTAATGCTC-1,1
TCACGCTGTAGAATGT-1,9
TCACGCTGTCAAGCCC-1,5
TCACGCTGTCACGCTG-1,9
TCACGCTGTTCGGCTG-1,3
TCACGCTGTTTGATCG-1,10
TCACGCTTCCACGTAA-1,3
TCACGCTTCGAACGCC-1,10
TCACGCTTCTTCCTAA-1,3
TCCAGAAAGACCAGAC-1,9
TCCAGAAAGGGAGGTG-1,8
TCCAGAAAGGTTGGAC-1,5
TCCAGAAAGTAGTCTC-1,10
TCCAGAAAGTGGCCTC-1,8
TCCAGAAGTATACCTG-1,2
TCCAGAAGTCACGCTG-1,4
TCCAGAAGTCACTCGG-1,2
TCCAGAAGTCTAGGTT-1,7
TCCAGAAGTTAAGTCC-1,4
TCCAGAATCATGCCCT-1,9
TCCAGAATCCCAAGCG-1,3
TCCAGAATCGTAGAGG-1,0
TCGAAGTAGCAATTAG-1,9
TCGAAGTAGCCTCTGG-1,9
TCGAAGTAGGGAGGTG-1,2
TCGAAGTCAAGAGTAT-1,4
TCGAAGTCAATCTCGA-1,3
TCGAAGTCACTACCGG-1,8
TCGAAGTCATCTCCCA-1,8
TCGAAGTCATTATGCG-1,11
TCGAAGTGTCGTGCCA-1,5
TCGAAGTGTTAAGTCC-1,9
TCGAAGTTCATGCCCT-1,6
TCGAAGTTCCATTGCC-1,9
TCGAAGTTCCCAAGCG-1,4
TCGAAGTTCCTGCTAC-1,7
TCGAAGTTCTCACTCG-1,8
TCGCTCAAGACGTCCC-1,0
TCGCTCAAGATACCAA-1,8
TCGCTCAAGGATCACG-1,5
TCGCTCAAGGTTACAA-1,3
TCGCTCAAGTGTTGAA-1,7
TCGCTCACAATCTCGA-1,9
TCGCTCACACAAATCC-1,7
TCGCTCACACACCGCA-1,7
TCGCTCACACCCTCTA-1,8
TCGCTCACAGTTTCGA-1,5
TCGCTCAGTAGTGTGG-1,5
TCGCTCAGTGCACAAG-1,4
TCGCTCAGTTAAGCAA-1,0
TCGCTCATCCTACAAG-1,10
TCGCTCATCCTTCACG-1,4
TGCTCGTAGCACCTGC-1,0
TGCTCGTAGCATTGAA-1,5
TGCTCGTAGCCTCTTC-1,3
TGCTCGTAGGCCTAGA-1,5
TGCTCGTAGTAGGAAG-1,3
TGCTCGTAGTATAACG-1,5
TGCTCGTAGTGGCCTC-1,10
TGCTCGTCAACGCATT-1,9
TGCTCGTCAAGTCGTT-1,6
TGCTCGTCACCGTGAC-1,7
TGCTCGTCATGAATAG-1,4
TGCTCGTGTACTGAGG-1,7
TGCTCGTGTCAAGCCC-1,5
TGCTCGTGTCTAGGTT-1,7
TGCTCGTGTTCCACGG-1,4
TGCTCGTGTTGGGATG-1,5
TGCTCGTTCATGCCCT-1,5
TGCTCGTTCCGAGAAG-1,9
TGCTCGTTCGTCGGGT-1,0
TGCTCGTTCGTTTACT-1,0
TGGTACAAGACGTCGA-1,4
TGGTACAAGCACTCTA-1,7
TGGTACAAGCAGCCCT-1,5
TGGTACAAGGTCTACT-1,2
TGGTACACAAGTCGTT-1,5
TGGTACACAATCAAGA-1,2
TGGTACACATGGCTAT-1,8
TGGTACACATGTTCGA-1,3
TGGTACAGTAACTTCG-1,4
TGGTACAGTCGTGCCA-1,10
TGGTACAGTTAAGTCC-1,7
TGGTACATCACAAGAA-1,9
TGGTACATCCTGCTAC-1,5
TGGTACATCCTTCACG-1,4
TGGTACATCGCGGTAC-1,7
TGGTACATCGTAGAGG-1,11
TGGTACATCTGTGCGG-1,5
TGGTACATCTTAGCCC-1,0
TGTCCTGAGACCAGAC-1,0
TGTCCTGAGATCACCT-1,10
TGTCCTGAGCAGCCCT-1,0
TGTCCTGAGCTCACTA-1,8
TGTCCTGAGGATCACG-1,6
TGTCCTGAGTCCCAAT-1,3
TGTCCTGCAAGAGTAT-1,9
TGTCCTGCAATCAAGA-1,10
TGTCCTGCAGCAGTGA-1,7
TGTCCTGCAGGTTCAT-1,4
TGTCCTGCATCAGTGT-1,7
TGTCCTGCATCCTATT-1,2
TGTCCTGCATGAAGGC-1,5
TGTCCTGGTAACTTCG-1,4
TGTCCTGGTAGAATGT-1,5
TGTCCTGGTAGCGTAG-1,9
TGTCCTGGTATAGGAT-1,10
TGTCCTGGTCACTCGG-1,10
TGTCCTGGTCCACACG-1,2
TGTCCTGGTGACAGGT-1,11
TGTCCTGGTGCCTTCT-1,2
TGTCCTGGTTACACAC-1,6
TGTCCTGTCCTGCTAC-1,4
TGTCCTGTCCTTATCA-1,2
TGTCCTGTCGCCTTGT-1,11
TGTCCTGTCGTCGGGT-1,7
TGTCCTGTCTCGAGTA-1,5
TGTGATGAGACCATTC-1,2
TGTGATGAGACGTCCC-1,3
TGTGATGAGACGTCGA-1,7
TGTGATGAGATCACCT-1,7
TGTGATGAGCACCTGC-1,0
TGTGATGAGCCTCTTC-1,10
TGTGATGAGCGACATG-1,3
TGTGATGAGTAGTCTC-1,3
TGTGATGAGTATAACG-1,5
TGTGATGAGTCATCCA-1,10
TGTGATGAGTCCCAAT-1,7
TGTGATGCAAGCCATT-1,6
TGTGATGCAATCTCGA-1,3
TGTGATGCAATCTGCA-1,8
TGTGATGCACTTCAGA-1,3
TGTGATGCAGACCTAT-1,3
TGTGATGGTAACTTCG-1,5
TGTGATGGTAGAATGT-1,0
TGTGATGGTGCACAAG-1,7
TGTGATGGTTGGACCC-1,6
TGTGATGTCATCGCTC-1,9
TGTGATGTCCCGTTGT-1,5
TGTGATGTCCGCTTAC-1,2
TGTGATGTCCTACAAG-1,5
TGTGATGTCGCGGTAC-1,9
TTACAGGAGTGTTGAA-1,0
TTACAGGAGCTTGTTG-1,10
TTACAGGCAAGTCGTT-1,8
TTACAGGCACCGTGAC-1,8
TTACAGGCACGCGCAT-1,2
TTACAGGCACTACGGC-1,2
TTACAGGCACTATGTG-1,5
TTACAGGCAGCTGCCA-1,3
TTACAGGCATGAAGCG-1,0
TTACAGGGTCTAGGTT-1,2
TTACAGGGTGCCTTCT-1,5
TTACAGGGTTGGACCC-1,3
TTACAGGTCACAAGAA-1,9
TTACAGGTCCAATCCC-1,4
TTACAGGTCGTAGAGG-1,9
TTACAGGTCGTTTACT-1,7
TTCGATTAGCCTCTGG-1,8
TTCGATTAGGCGTTAG-1,2
TTCGATTAGGTTGCCC-1,10
TTCGATTAGTATAACG-1,5
TTCGATTCAATCTGCA-1,8
TTCGATTCATTATGCG-1,4
TTCGATTGTAACGCGA-1,4
TTCGATTGTGACGCCT-1,1
TTCGATTGTGCGGTAA-1,7
TTCGATTGTGTCTAAC-1,1
TTCGATTGTTAAGACA-1,5
TTCGATTGTTAAGCAA-1,4
TTCGATTGTTCGGCTG-1,10
TTCGATTTCACAAGAA-1,8
TTCGATTTCCAATCCC-1,10
TTCGATTTCGAACGCC-1,5
TTGTTTGAGAAATTGC-1,7
TTGTTTGAGACCAGAC-1,8
TTGTTTGAGACCATTC-1,3
TTGTTTGAGACGTCCC-1,2
TTGTTTGAGATCGCCC-1,0
TTGTTTGAGCAATTAG-1,5
TTGTTTGAGGCCTAGA-1,0
TTGTTTGCAAGTCGTT-1,1
TTGTTTGCACCCTCTA-1,9
TTGTTTGCACTATGTG-1,8
TTGTTTGCACTTCAGA-1,2
TTGTTTGCAGCTACTA-1,9
TTGTTTGCATATCTGG-1,11
TTGTTTGCATCCTATT-1,2
TTGTTTGGTACGGGAT-1,5
TTGTTTGGTATACCTG-1,8
TTGTTTGGTCACGCTG-1,9
TTGTTTGGTTTGATCG-1,5
TTGTTTGTCAAAGGTA-1,3
TTGTTTGTCCCGTTGT-1,5
TTGTTTGTCCGCTTAC-1,9
TTGTTTGTCTAGTCAG-1,5
TTGTTTGTCTCCGAGG-1,3
TTTCATGAGACCATTC-1,5
TTTCATGAGCTCACTA-1,5
TTTCATGAGGAACTCG-1,11
TTTCATGAGGTTGCCC-1,3
TTTCATGCAATAGTAG-1,8
TTTCATGCACAAATCC-1,3
TTTCATGCACAGAGAC-1,8
TTTCATGGTATGAGCG-1,9
TTTCATGGTCTTCATT-1,5
TTTCATGGTGCACAAG-1,9
TTTCATGGTGCCTTCT-1,4
TTTCATGGTTAAGACA-1,9
TTTCATGGTTGGGATG-1,10
TTTCATGGTTTGATCG-1,11
TTTCATGTCCACGTAA-1,2
TTTCATGTCTCATAGG-1,2
TTTCATGTCTCTAGGA-1,11
TTTCGATAGCAATTAG-1,10
TTTCGATAGCAGCCCT-1,8
TTTCGATAGGCTCAAG-1,9
TTTCGATAGGTCTACT-1,11
TTTCGATAGGTTACAA-1,0
TTTCGATAGTATAACG-1,11
TTTCGATAGTCATCCA-1,10
TTTCGATAGTGGCCTC-1,4
TTTCGATCAACGCATT-1,8
TTTCGATCAATTAGGA-1,7
TTTCGATCACCAGCGT-1,11
TTTCGATCAGGTTCAT-1,4
TTTCGATCATCAGTGT-1,10
TTTCGATGTATGAGCG-1,1
TTTCGATGTCCCGTGA-1,8
TTTCGATGTTAAGCAA-1,3
TTTCGATGTTCCGTTC-1,7
TTTCGATTCCCGTTGT-1,5
TTTCGATTCCGAGAAG-1,7
TTTCGATTCCTGCTAC-1,9
TTTCGATTCTCTAGGA-1,4
TTTCGATTCTGTGCGG-1,3
TTTGTTGAGACGTCCC-1,3
TTTGTTGAGATCACCT-1,0
TTTGTTGAGCACCTGC-1,4
TTTGTTGAGCTCACTA-1,4
TTTGTTGAGGGAGGTG-1,7
TTTGTTGAGTGGCCTC-1,10
TTTGTTGCAAGAGAGA-1,10
TTTGTTGCAAGTAGTA-1,8
TTTGTTGCAGCTGCCA-1,6
TTTGTTGCAGGTTCAT-1,0
TTTGTTGGTAACGCGA-1,4
TTTGTTGTCATCGCTC-1,6
TTTGTTGTCCAATCCC-1,9
TTTGTTGTCCATTGCC-1,8
TTTGTTGTCCTACAAG-1,5
TTTGTTGTCCTTCACG-1,3
TTTGTTGTCGACGCGT-1,7
TTTGTTGTCGCCACTT-1,8
TTTGTTGTCGTAGAGG-1,9
TTTGTTGTCTCTAGGA-1,8
