,Idents.pbmc.
AATCACGAGCAGCCCT,1
AATCACGAGGAACTCG,1
AATCACGCACTACCGG,3
AATCACGCATGAATAG,1
AATCACGGTATAGGAT,3
AATCACGGTCGAATGG,1
AATCACGGTGTCTAAC,1
AATCACGTCCACGTAA,1
AATCACGTCCCGTTGT,3
AATCACGTCGCCTTGT,0
AATCACGTCGTTTACT,2
AATCACGTCTCACTCG,5
ACAGAAAAGACCATTC,2
ACAGAAAAGCGACATG,0
ACAGAAAAGGCCTAGA,6
ACAGAAAAGGTACAGC,1
ACAGAAAAGGTTACAA,1
ACAGAAACAATAGTAG,1
ACAGAAACACAGAGAC,3
ACAGAAACAGACCTAT,2
ACAGAAACAGCTACTA,0
ACAGAAACATCAGTGT,3
ACAGAAAGTCGAATGG,6
ACAGAAAGTCGTATGT,4
ACAGAAAGTTGGACCC,0
ACAGAAATCGACGCGT,3
ACAGAAATCTCGAGTA,3
ACAGAAATCTGAATCG,5
ACAGAAATCTTAGCCC,2
ACCCTTGAGACGTCCC,2
ACCCTTGAGACGTCGA,3
ACCCTTGAGAGAGCGG,2
ACCCTTGCAAGCCATT,0
ACCCTTGCACCAGCGT,2
ACCCTTGGTCACGCTG,1
ACCCTTGGTCGGTGTC,2
ACCCTTGGTGACGCCT,1
ACCCTTGGTTACACAC,3
ACCCTTGTCCTACAAG,2
ACCCTTGTCGTCGGGT,1
ACCCTTGTCTCACTCG,0
ACGTCCTAGATCACCT,6
ACGTCCTAGCGAATGC,1
ACGTCCTAGGGCGAAG,0
ACGTCCTAGGTTGCCC,6
ACGTCCTCAAACCATC,5
ACGTCCTCAAGAGTAT,0
ACGTCCTCATGAATAG,5
ACGTCCTCATTATGCG,0
ACGTCCTGTATGCGTT,1
ACGTCCTGTCCCGTGA,0
ACGTCCTGTGCACAAG,1
ACGTCCTTCCCAAGCG,1
ACGTCCTTCGCGGTAC,3
ACGTCCTTCTGCCCTA,3
ACGTCCTTCTGTGCGG,4
ACGTCCTTCTTAGCCC,1
ACTATTCAGCAATTAG,1
ACTATTCAGGCCTAGA,0
ACTATTCAGTAATTGG,1
ACTATTCCAATCTCGA,2
ACTATTCCAATCTGCA,3
ACTATTCCACTTCAGA,3
ACTATTCCATCCTTCG,3
ACTATTCGTAACTTCG,1
ACTATTCGTATGCGTT,0
ACTATTCGTCACGCTG,0
ACTATTCGTGCCTTCT,0
ACTATTCGTTGGGATG,0
ACTATTCTCACAAGAA,0
ACTATTCTCCGGACGT,4
ACTATTCTCGCGGTAC,1
ACTATTCTCTCCAATT,3
ACTATTCTCTCGAGTA,0
ACTATTCTCTGCCCTA,3
ACTATTCTCTTAGCCC,0
ACTGTGAAGAGAGCGG,2
ACTGTGAAGCAGGTCA,0
ACTGTGAAGCTTAAGA,5
ACTGTGAAGGAACTCG,5
ACTGTGAAGGATCACG,3
ACTGTGAAGGCGTTAG,6
ACTGTGAAGGCTCAAG,0
ACTGTGAAGGGAGGTG,5
ACTGTGAAGTGGCCTC,0
ACTGTGACAATTAGGA,4
ACTGTGACACAAATCC,1
ACTGTGACACCAGCGT,6
ACTGTGACACTATGTG,3
ACTGTGACAGCTGCCA,0
ACTGTGACATCCTATT,4
ACTGTGACATCCTTCG,3
ACTGTGACATTATGCG,3
ACTGTGAGTATGAGCG,2
ACTGTGAGTCAAGCCC,3
ACTGTGAGTCCACACG,4
ACTGTGAGTGCACAAG,0
ACTGTGAGTTCCGTTC,0
ACTGTGATCAATCCAG,0
ACTGTGATCTAGTCAG,2
ACTGTGATCTCATAGG,3
ACTGTGATCTCTAGGA,4
ACTTTCAAGAAATTGC,6
ACTTTCAAGATGCTTC,1
ACTTTCAAGCACTCTA,3
ACTTTCAAGCCTCTGG,1
ACTTTCAAGCGACATG,1
ACTTTCAAGGTTGGAC,0
ACTTTCAAGTCATCCA,0
ACTTTCACAAATGCGG,5
ACTTTCACAAGAGAGA,0
ACTTTCACAAGCCATT,3
ACTTTCACAAGTAGTA,2
ACTTTCACACTAAACC,0
ACTTTCACACTTCAGA,6
ACTTTCACAGGGAATC,1
ACTTTCACATCAGTGT,0
ACTTTCAGTAGTGTGG,0
ACTTTCAGTATGCGTT,2
ACTTTCAGTGATTGGG,3
ACTTTCAGTGTCTAAC,0
ACTTTCAGTTACACAC,3
ACTTTCATCAAAGGTA,0
ACTTTCATCTGGCTGG,2
ACTTTCATCTGTGCGG,0
AGACACTAGACCATTC,0
AGACACTAGCAATTAG,3
AGACACTAGGGAGGTG,3
AGACACTAGTATAACG,1
AGACACTCAACGCATT,3
AGACACTCAAGAGTAT,5
AGACACTCACATGAAA,0
AGACACTCACCCTCTA,3
AGACACTCACTACGGC,0
AGACACTCATCCTATT,0
AGACACTGTAATGCTC,1
AGACACTGTACGGGAT,3
AGACACTGTAGCGTAG,0
AGACACTGTATACCTG,1
AGACACTGTGCGGTAA,5
AGACACTGTGTCTAAC,3
AGACACTTCAAAGGTA,1
AGACACTTCTTAGCAG,4
AGGGAGTAGCACCTGC,2
AGGGAGTAGCACTCTA,3
AGGGAGTAGGATCACG,1
AGGGAGTAGGGCGAAG,0
AGGGAGTAGGTTACAA,0
AGGGAGTAGGTTGGAC,0
AGGGAGTAGTAGTCTC,2
AGGGAGTGTACTGAGG,5
AGGGAGTGTAGCGTAG,0
AGGGAGTGTAGTGTGG,1
AGGGAGTGTTCGGCTG,2
AGGGAGTTCAAGAAAC,4
AGGGAGTTCATGCCCT,3
AGGGAGTTCCCAACTC,1
AGGGAGTTCCGCTTAC,0
AGGGAGTTCGAACGCC,1
AGGGAGTTCTCGAGTA,1
AGGGAGTTCTCTAGGA,4
AGGGTGAAGCACCTGC,0
AGGGTGAAGCTTAAGA,4
AGGGTGAAGGCCTAGA,0
AGGGTGAAGGCGTTAG,4
AGGGTGAAGGGAGGTG,0
AGGGTGAAGTCATCCA,3
AGGGTGACACTACGGC,1
AGGGTGACAGCAGTGA,0
AGGGTGACATCAGTGT,3
AGGGTGACATCCTTCG,3
AGGGTGAGTCAAGCGA,1
AGGGTGAGTTAAGTCC,3
AGGGTGATCATCGCTC,3
AGGGTGATCCATTGCC,0
AGGGTGATCCGAGAAG,3
AGGGTGATCCGCTTAC,2
AGGGTGATCGAACGCC,0
AGTAACCAGCTCACTA,0
AGTAACCAGTGTTGAA,2
AGTAACCCAAACCATC,0
AGTAACCCACCGTGAC,0
AGTAACCCACGCGCAT,1
AGTAACCCACTAAACC,1
AGTAACCCACTACACA,2
AGTAACCGTAGCGTAG,0
AGTAACCGTCGAATGG,2
AGTAACCGTCGTGCCA,0
AGTAACCGTCTAGGTT,0
AGTAACCGTTGGACCC,4
AGTAACCTCAAGAAAC,2
AGTAACCTCGCGGTAC,0
AGTAACCTCTCCAATT,6
AGTAACCTCTGGCTGG,1
AGTAGTCAGACCAGAC,0
AGTAGTCAGCGAATGC,0
AGTAGTCAGCTTGTTG,2
AGTAGTCAGGAACTCG,0
AGTAGTCAGTAGTCTC,0
AGTAGTCCAAGAGTAT,0
AGTAGTCCAGCTGCCA,0
AGTAGTCGTATGCGTT,1
AGTAGTCGTGATTGGG,2
AGTAGTCGTGGCTTAT,2
AGTAGTCGTTCGAAGG,0
AGTAGTCTCATGCCCT,0
AGTAGTCTCCCGTTGT,2
AGTAGTCTCGCGGTAC,3
AGTAGTCTCGTAGAGG,3
AGTGACTAGACGTCCC,5
AGTGACTAGCATTGAA,0
AGTGACTAGCGAATGC,1
AGTGACTAGGAACTCG,3
AGTGACTAGGATCACG,3
AGTGACTAGGCGTTAG,5
AGTGACTAGTAGGAAG,0
AGTGACTAGTGTTGAA,4
AGTGACTCAATCTGCA,0
AGTGACTCACCGTGAC,2
AGTGACTCATTATGCG,0
AGTGACTGTACGGGAT,3
AGTGACTGTAGTGTGG,2
AGTGACTGTGGCTTAT,0
AGTGACTTCATTTGGG,0
AGTGACTTCCCAAGCG,4
AGTGACTTCGCCCAGA,0
AGTGACTTCGTTTACT,0
AGTGACTTCTAGTCAG,2
AGTGACTTCTCTAGGA,0
ATGAGTCAGATACCAA,1
ATGAGTCAGGCCTAGA,0
ATGAGTCAGTCCCAAT,2
ATGAGTCCACATGAAA,2
ATGAGTCCATGGCTAT,5
ATGAGTCGTATAGGAT,0
ATGAGTCGTCACTCGG,4
ATGAGTCGTCGTGCCA,0
ATGAGTCGTGCACAAG,3
ATGAGTCGTTAAGCAA,0
ATGAGTCGTTTGATCG,2
ATGAGTCTCAATCCAG,1
ATGAGTCTCATCGCTC,2
ATGAGTCTCCTTATCA,3
ATGAGTCTCCTTCACG,1
ATGAGTCTCGTTTACT,6
CACAGATAGCAGGTCA,1
CACAGATAGCCTCTGG,3
CACAGATAGCGACATG,1
CACAGATAGTCCCAAT,3
CACAGATCAAGAGAGA,0
CACAGATCAAGAGTAT,1
CACAGATCAATTAGGA,2
CACAGATCACGCGCAT,2
CACAGATCACTAAACC,1
CACAGATCAGCTGCCA,4
CACAGATCAGGGAATC,3
CACAGATCATGTTCGA,0
CACAGATGTCAAGCCC,2
CACAGATGTCACTCGG,1
CACAGATGTCCTTAAG,2
CACAGATGTGCACAAG,0
CACAGATGTTAAGACA,2
CACAGATGTTCCACGG,1
CACAGATGTTGGAGGT,2
CACAGATTCAAGAAAC,6
CACAGATTCATGCCCT,2
CACAGATTCCATTGCC,3
CACAGATTCCCAACTC,2
CACAGATTCCGTATGA,2
CACAGATTCGTAGAGG,0
CACAGATTCGTTTACT,4
CAGCAGCAGCTCTGTA,1
CAGCAGCAGGCTCAAG,1
CAGCAGCAGGTTGCCC,1
CAGCAGCAGTCATCCA,0
CAGCAGCCACTTCAGA,6
CAGCAGCCAGGGAATC,4
CAGCAGCCATCCTTCG,2
CAGCAGCCATGAAGGC,2
CAGCAGCCATGGCTAT,3
CAGCAGCGTAACTTCG,0
CAGCAGCGTCCCGGTA,4
CAGCAGCGTCTAGGTT,3
CAGCAGCGTTACACAC,2
CAGCAGCGTTAGGAGC,0
CAGCAGCGTTCCGTTC,1
CAGCAGCTCCGAGAAG,5
CAGCAGCTCCGTATGA,0
CAGCAGCTCGCCACTT,0
CAGCGTGAGACCAGAC,3
CAGCGTGAGATCGCCC,2
CAGCGTGAGGGAGGTG,5
CAGCGTGAGGTTGGAC,0
CAGCGTGCACACCGCA,2
CAGCGTGCACAGAGAC,5
CAGCGTGCATCCTATT,2
CAGCGTGCATGGCTAT,1
CAGCGTGGTAACTTCG,0
CAGCGTGGTATAGGAT,1
CAGCGTGGTCCCGGTA,0
CAGCGTGGTCTTCATT,2
CAGCGTGGTTAAGACA,0
CAGCGTGTCATCGCTC,2
CAGCGTGTCATGCCCT,2
CAGCGTGTCCCGTTGT,0
CAGCGTGTCCGCTTAC,1
CAGCGTGTCGCCTTGT,1
CAGCGTGTCGTCGGGT,2
CAGCGTGTCTAGTCAG,0
CAGCGTGTCTGCCCTA,1
CAGGCCAAGATCACCT,1
CAGGCCAAGGTACAGC,0
CAGGCCAAGTGGCCTC,1
CAGGCCACAAGAGAGA,3
CAGGCCACACATGAAA,1
CAGGCCACATATCTGG,1
CAGGCCAGTACTGAGG,6
CAGGCCAGTCACGCTG,0
CAGGCCAGTCGGTGTC,2
CAGGCCAGTTAAGTCC,3
CATACAGAGAAATTGC,1
CATACAGAGCAGGTCA,1
CATACAGAGCGACATG,3
CATACAGAGCTTAAGA,3
CATACAGAGGTTACAA,1
CATACAGCAAGAGAGA,0
CATACAGCACCAGCGT,3
CATACAGCACTACACA,2
CATACAGCAGCTGCCA,0
CATACAGCATATCTGG,4
CATACAGGTCACTCGG,0
CATACAGGTGTCTAAC,3
CATACAGGTTGGACCC,0
CATACAGGTTGGGATG,0
CCCTCTCAGACGTCCC,2
CCCTCTCAGCAGGTCA,0
CCCTCTCAGGTCTACT,1
CCCTCTCAGTCATCCA,2
CCCTCTCCAAATGCGG,0
CCCTCTCCACACCGCA,1
CCCTCTCCACAGAGAC,4
CCCTCTCCATTATGCG,3
CCCTCTCGTACGGGAT,0
CCCTCTCGTATACCTG,6
CCCTCTCGTCACTCGG,3
CCCTCTCGTCTAGGTT,0
CCCTCTCGTGACGCCT,5
CCCTCTCGTGCACAAG,6
CCCTCTCGTGCGGTAA,2
CCCTCTCGTTCCACGG,3
CCCTCTCGTTGGACCC,1
CCCTCTCTCCCAAGCG,1
CCCTCTCTCCGCACGA,2
CCCTCTCTCGAACGCC,1
CCCTCTCTCTCCGAGG,1
CCCTCTCTCTCTAGGA,1
CGGCAGTAGAGAGCGG,3
CGGCAGTCACACCGCA,2
CGGCAGTCACCAGCGT,2
CGGCAGTCAGTGTGCC,2
CGGCAGTCATCCTATT,0
CGGCAGTGTAGAATGT,2
CGGCAGTGTAGGTTTC,3
CGGCAGTGTATAGGAT,2
CGGCAGTGTATGCGTT,1
CGGCAGTGTCCACACG,2
CGGCAGTGTCGAATGG,1
CGGCAGTGTGCCTTCT,3
CGGCAGTGTTACACAC,5
CGGCAGTGTTGGAGGT,0
CGGCAGTGTTTGATCG,5
CGGCAGTTCCGGACGT,4
CGTCCATAGCTCTGTA,5
CGTCCATAGTGTTGAA,0
CGTCCATCACGCGCAT,3
CGTCCATCACTACACA,4
CGTCCATCAGCAGTGA,0
CGTCCATCAGGGAATC,2
CGTCCATCATATCTGG,3
CGTCCATGTAGGTTTC,1
CGTCCATGTCAAGCGA,5
CGTCCATGTGCACAAG,0
CGTCCATGTTAGGAGC,0
CGTCCATGTTCGGCTG,3
CGTCCATTCTGCCCTA,0
GAGGGTAAGACCAGAC,2
GAGGGTAAGCACCTGC,1
GAGGGTAAGCGACATG,1
GAGGGTAAGGCCTAGA,0
GAGGGTAAGGGAGGTG,0
GAGGGTAAGGTCTACT,0
GAGGGTAAGTCTTGGT,4
GAGGGTAAGTGTTGAA,2
GAGGGTACAAATGCGG,1
GAGGGTACAGGTTCAT,2
GAGGGTAGTAGTGTGG,2
GAGGGTAGTTAGGAGC,1
GAGGGTAGTTCGAAGG,1
GAGGGTAGTTCGGCTG,0
GAGGGTAGTTGGACCC,1
GAGGGTATCAGGGATG,2
GAGGGTATCCGGACGT,1
GAGGGTATCGAACGCC,2
GAGGGTATCGTTCCTG,4
GAGGGTATCTCCGAGG,1
GAGTTGTAGCAATTAG,5
GAGTTGTAGCCTCTTC,3
GAGTTGTCAAGTAGTA,5
GAGTTGTCAAGTCGTT,0
GAGTTGTCACTAAACC,4
GAGTTGTCAGTGTGCC,2
GAGTTGTCATGAATAG,3
GAGTTGTGTCGTGCCA,3
GAGTTGTGTCTAGGTT,2
GAGTTGTGTGCCTTCT,4
GAGTTGTGTTCCACGG,1
GAGTTGTGTTCGAAGG,0
GAGTTGTTCCGCTTAC,1
GCGTTTCAGATACCAA,0
GCGTTTCAGCTCACTA,2
GCGTTTCAGCTCTGTA,3
GCGTTTCAGCTTGTTG,0
GCGTTTCAGGAACTCG,0
GCGTTTCAGGATCACG,2
GCGTTTCAGGTACAGC,1
GCGTTTCAGGTTGCCC,0
GCGTTTCCACCGTGAC,0
GCGTTTCCAGCTGCCA,4
GCGTTTCCATGGCTAT,2
GCGTTTCGTAACTTCG,5
GCGTTTCGTAGCGTAG,2
GCGTTTCGTAGTGTGG,1
GCGTTTCGTATGCGTT,1
GCGTTTCGTCAAGCCC,0
GCGTTTCGTCGAATGG,0
GCGTTTCGTCTAGGTT,0
GCGTTTCGTGACAGGT,0
GCGTTTCGTTCGAAGG,4
GCGTTTCTCATTTGGG,3
GCGTTTCTCCCAAGCG,4
GCGTTTCTCCCGTTGT,2
GCGTTTCTCTAGTCAG,0
GCGTTTCTCTGCCCTA,0
GGTAACTAGATGCTTC,1
GGTAACTAGCCTCTGG,1
GGTAACTAGCTTAAGA,2
GGTAACTAGGGCGAAG,4
GGTAACTAGTGCGTCC,2
GGTAACTCACAAATCC,3
GGTAACTCAGACCTAT,2
GGTAACTCATCTCCCA,0
GGTAACTGTCACGCTG,0
GGTAACTGTGACAGGT,4
GGTAACTGTTACACAC,1
GGTAACTGTTGGACCC,1
GGTAACTTCCAATCCC,0
GGTAATCAGACGTCGA,2
GGTAATCAGATGCTTC,2
GGTAATCAGCTCTGTA,2
GGTAATCAGTCATCCA,1
GGTAATCAGTGCGTCC,0
GGTAATCCAAGTAGTA,0
GGTAATCCACTTCAGA,3
GGTAATCGTATGAGCG,1
GGTAATCGTCAAGCCC,0
GGTAATCGTTCCGTTC,3
GGTAATCGTTCGGCTG,3
GGTAATCTCGTTCCTG,0
GGTAATCTCTGTGCGG,0
GTCAAGTAGATCACCT,5
GTCAAGTAGATCGCCC,3
GTCAAGTAGATGCTTC,0
GTCAAGTAGCACCTGC,4
GTCAAGTAGCAGCCCT,1
GTCAAGTAGCTCTGTA,0
GTCAAGTCAAACCATC,0
GTCAAGTCAAGAGAGA,1
GTCAAGTCACACCGCA,1
GTCAAGTCACATATGC,3
GTCAAGTCACCGTGAC,4
GTCAAGTGTAGCGTAG,1
GTCAAGTGTGCGGTAA,5
GTCAAGTGTTAGGAGC,1
GTCAAGTGTTCCGTTC,2
GTCAAGTTCAAGAAAC,1
GTCAAGTTCATGCCCT,1
GTCAAGTTCTCCAATT,2
GTGAGCCAGATACCAA,3
GTGAGCCAGATCACCT,2
GTGAGCCAGCCTCTGG,0
GTGAGCCAGCTTAAGA,0
GTGAGCCAGGCGTTAG,1
GTGAGCCAGTAATTGG,0
GTGAGCCAGTAGGAAG,3
GTGAGCCCAAGAGTAT,4
GTGAGCCCACATGAAA,1
GTGAGCCGTATACCTG,0
GTGAGCCGTATAGGAT,5
GTGAGCCGTCTAGGTT,1
GTGAGCCGTCTTCATT,3
GTGAGCCGTTAAGACA,0
GTGAGCCGTTAAGTCC,1
GTGAGCCGTTACACAC,2
GTGAGCCGTTGGAGGT,1
GTGAGCCGTTGGGATG,4
GTGAGCCTCATTTGGG,2
GTGAGCCTCCCAACTC,6
GTGAGCCTCCCAAGCG,3
GTGAGCCTCCTGCTAC,0
GTGAGCCTCGTCGGGT,3
GTGAGCCTCTGAATCG,4
GTGGAGAAGAGAGCGG,3
GTGGAGAAGATCACCT,2
GTGGAGAAGCACCTGC,1
GTGGAGAAGCATTGAA,0
GTGGAGAAGGCTCAAG,5
GTGGAGAAGGTTACAA,0
GTGGAGAAGTAGGAAG,3
GTGGAGAAGTGGCCTC,4
GTGGAGACAAGTCGTT,1
GTGGAGACACATATGC,0
GTGGAGACATCTCCCA,0
GTGGAGACATGAATAG,0
GTGGAGAGTAGAATGT,0
GTGGAGAGTAGTGTGG,1
GTGGAGAGTATGCGTT,3
GTGGAGAGTGACAGGT,0
GTGGAGAGTGATTGGG,5
GTGGAGATCCACGTAA,0
GTGGAGATCCGCACGA,1
GTGGAGATCCGGACGT,4
GTGGAGATCTTAGCCC,1
GTGTGGCAGCCTCTTC,3
GTGTGGCAGCTCACTA,1
GTGTGGCAGGAACTCG,0
GTGTGGCAGGTCTACT,2
GTGTGGCAGTAATTGG,1
GTGTGGCAGTGCGTCC,4
GTGTGGCAGTGTTGAA,1
GTGTGGCCAAGCCATT,2
GTGTGGCCACAGAGAC,1
GTGTGGCCACATGAAA,1
GTGTGGCCACTAAACC,0
GTGTGGCCACTTCAGA,3
GTGTGGCCAGTTTCGA,0
GTGTGGCCATGGCTAT,3
GTGTGGCGTAACTTCG,0
GTGTGGCGTATACCTG,2
GTGTGGCGTATAGGAT,0
GTGTGGCGTCGAATGG,1
GTGTGGCGTGTCTAAC,3
GTGTGGCGTTAGGAGC,1
GTGTGGCTCGCCACTT,3
GTGTGGCTCGCCCAGA,6
GTGTGGCTCGCGGTAC,1
TAACACGAGACCATTC,2
TAACACGAGAGAGCGG,2
TAACACGAGCACTCTA,3
TAACACGAGGCCTAGA,2
TAACACGCAACGCATT,0
TAACACGCAAGAGTAT,4
TAACACGCAATAGTAG,3
TAACACGCACTACACA,2
TAACACGCAGCTGCCA,0
TAACACGCAGGTTCAT,1
TAACACGCATTATGCG,1
TAACACGGTCAAGCCC,2
TAACACGGTGATTGGG,3
TAACACGGTGCCTTCT,2
TAACACGGTTCGGCTG,0
TAACACGTCACAAGAA,2
TAACACGTCAGGGATG,3
TAACACGTCTGAATCG,1
TAGGAGGAGACGTCCC,2
TAGGAGGAGCACCTGC,0
TAGGAGGAGGGCGAAG,0
TAGGAGGAGTAGGAAG,3
TAGGAGGAGTATAACG,2
TAGGAGGAGTCATCCA,2
TAGGAGGCAACCAATC,0
TAGGAGGCAACGCATT,2
TAGGAGGCAAGTCGTT,1
TAGGAGGCAATAGTAG,3
TAGGAGGCACTACGGC,3
TAGGAGGCATGGCTAT,0
TAGGAGGGTAACGCGA,1
TAGGAGGGTACTGAGG,1
TAGGAGGGTATAGGAT,1
TAGGAGGGTTAAGCAA,4
TAGGAGGGTTAAGTCC,3
TAGGAGGGTTACACAC,1
TAGGAGGGTTCCACGG,1
TAGGAGGTCAAAGGTA,1
TAGGAGGTCAAGAAAC,0
TAGGAGGTCACAAGAA,0
TAGGAGGTCCCAAGCG,0
TAGGAGGTCTGAATCG,0
TATTGCTAGATACCAA,3
TATTGCTAGATCACCT,2
TATTGCTAGATGCTTC,0
TATTGCTAGCCTCTGG,1
TATTGCTAGGCGTTAG,0
TATTGCTAGGGAGGTG,1
TATTGCTAGGGCGAAG,0
TATTGCTAGTGTGTTC,5
TATTGCTCAAGAGAGA,1
TATTGCTCAATCTCGA,1
TATTGCTCAATCTGCA,4
TATTGCTCACCCTCTA,2
TATTGCTCACTACCGG,3
TATTGCTCAGCTGCCA,5
TATTGCTGTAACTTCG,1
TATTGCTGTAGCGTAG,2
TATTGCTTCAGGGATG,1
TATTGCTTCCCGTTGT,0
TATTGCTTCGAACGCC,1
TATTGCTTCGACGCGT,2
TATTGCTTCTCACTCG,3
TCACGCTAGACCATTC,4
TCACGCTAGCTTGTTG,0
TCACGCTAGGTTACAA,3
TCACGCTAGTAATTGG,5
TCACGCTAGTCTTGGT,3
TCACGCTCAAGAGTAT,2
TCACGCTCAAGCCATT,4
TCACGCTCAATCTGCA,1
TCACGCTCACGCGCAT,3
TCACGCTCAGACCTAT,0
TCACGCTGTAATGCTC,3
TCACGCTGTAGAATGT,3
TCACGCTGTCAAGCCC,1
TCACGCTGTCACGCTG,4
TCACGCTGTTCGGCTG,5
TCACGCTGTTTGATCG,1
TCACGCTTCCACGTAA,5
TCACGCTTCGAACGCC,1
TCACGCTTCTTCCTAA,5
TCCAGAAAGACCAGAC,4
TCCAGAAAGGGAGGTG,2
TCCAGAAAGGTTGGAC,1
TCCAGAAAGTAGTCTC,4
TCCAGAAAGTGGCCTC,2
TCCAGAAGTATACCTG,6
TCCAGAAGTCACGCTG,2
TCCAGAAGTCACTCGG,6
TCCAGAAGTCTAGGTT,0
TCCAGAAGTTAAGTCC,0
TCCAGAATCATGCCCT,3
TCCAGAATCCCAAGCG,5
TCCAGAATCGTAGAGG,2
TCGAAGTAGCAATTAG,1
TCGAAGTAGCCTCTGG,4
TCGAAGTAGGGAGGTG,3
TCGAAGTCAAGAGTAT,0
TCGAAGTCAATCTCGA,5
TCGAAGTCACTACCGG,0
TCGAAGTCATCTCCCA,0
TCGAAGTCATTATGCG,0
TCGAAGTGTCGTGCCA,3
TCGAAGTGTTAAGTCC,4
TCGAAGTTCATGCCCT,2
TCGAAGTTCCATTGCC,3
TCGAAGTTCCCAAGCG,0
TCGAAGTTCCTGCTAC,0
TCGAAGTTCTCACTCG,0
TCGCTCAAGACGTCCC,2
TCGCTCAAGATACCAA,2
TCGCTCAAGGATCACG,1
TCGCTCAAGGTTACAA,5
TCGCTCAAGTGTTGAA,0
TCGCTCACAATCTCGA,3
TCGCTCACACAAATCC,2
TCGCTCACACACCGCA,0
TCGCTCACACCCTCTA,2
TCGCTCACAGTTTCGA,1
TCGCTCAGTAGTGTGG,1
TCGCTCAGTGCACAAG,0
TCGCTCAGTTAAGCAA,0
TCGCTCATCCTACAAG,4
TCGCTCATCCTTCACG,2
TGCTCGTAGCACCTGC,2
TGCTCGTAGCATTGAA,1
TGCTCGTAGCCTCTTC,5
TGCTCGTAGTAGGAAG,2
TGCTCGTAGGCCTAGA,1
TGCTCGTAGTATAACG,1
TGCTCGTAGTGGCCTC,1
TGCTCGTCAACGCATT,4
TGCTCGTCAAGTCGTT,2
TGCTCGTCACCGTGAC,0
TGCTCGTCATGAATAG,0
TGCTCGTGTACTGAGG,2
TGCTCGTGTCAAGCCC,3
TGCTCGTGTCTAGGTT,0
TGCTCGTGTTCCACGG,0
TGCTCGTGTTGGGATG,1
TGCTCGTTCATGCCCT,1
TGCTCGTTCCGAGAAG,3
TGCTCGTTCGTCGGGT,0
TGCTCGTTCGTTTACT,2
TGGTACAAGACGTCGA,0
TGGTACAAGCACTCTA,0
TGGTACAAGCAGCCCT,1
TGGTACAAGGTCTACT,6
TGGTACACAAGTCGTT,1
TGGTACACAATCAAGA,6
TGGTACACATGGCTAT,0
TGGTACACATGTTCGA,5
TGGTACAGTAACTTCG,2
TGGTACAGTCGTGCCA,4
TGGTACAGTTAAGTCC,0
TGGTACATCACAAGAA,3
TGGTACATCCTGCTAC,1
TGGTACATCCTTCACG,0
TGGTACATCGCGGTAC,0
TGGTACATCGTAGAGG,0
TGGTACATCTGTGCGG,3
TGGTACATCTTAGCCC,2
TGTCCTGAGACCAGAC,0
TGTCCTGAGATCACCT,4
TGTCCTGAGCAGCCCT,2
TGTCCTGAGCTCACTA,0
TGTCCTGAGGATCACG,0
TGTCCTGAGTCCCAAT,5
TGTCCTGCAAGAGTAT,3
TGTCCTGCAATCAAGA,1
TGTCCTGCAGCAGTGA,0
TGTCCTGCAGGTTCAT,0
TGTCCTGCATCAGTGT,0
TGTCCTGCATCCTATT,6
TGTCCTGCATGAAGGC,1
TGTCCTGGTAACTTCG,0
TGTCCTGGTAGAATGT,1
TGTCCTGGTAGCGTAG,4
TGTCCTGGTATAGGAT,4
TGTCCTGGTCACTCGG,1
TGTCCTGGTCCACACG,3
TGTCCTGGTGACAGGT,0
TGTCCTGGTGCCTTCT,6
TGTCCTGGTTACACAC,2
TGTCCTGTCCTGCTAC,0
TGTCCTGTCCTTATCA,6
TGTCCTGTCGCCTTGT,0
TGTCCTGTCGTCGGGT,0
TGTCCTGTCTCGAGTA,1
TGTGATGAGACCATTC,3
TGTGATGAGACGTCCC,3
TGTGATGAGACGTCGA,0
TGTGATGAGATCACCT,0
TGTGATGAGCACCTGC,2
TGTGATGAGCCTCTTC,1
TGTGATGAGCGACATG,5
TGTGATGAGTAGTCTC,1
TGTGATGAGTATAACG,1
TGTGATGAGTCATCCA,1
TGTGATGAGTCCCAAT,0
TGTGATGCAAGCCATT,2
TGTGATGCAATCTCGA,5
TGTGATGCAATCTGCA,0
TGTGATGCACTTCAGA,5
TGTGATGCAGACCTAT,5
TGTGATGGTAACTTCG,1
TGTGATGGTAGAATGT,2
TGTGATGGTGCACAAG,0
TGTGATGGTTGGACCC,0
TGTGATGTCATCGCTC,4
TGTGATGTCCCGTTGT,1
TGTGATGTCCGCTTAC,3
TGTGATGTCCTACAAG,1
TGTGATGTCGCGGTAC,4
TTACAGGAGCTTGTTG,3
TTACAGGAGTGTTGAA,0
TTACAGGCAAGTCGTT,0
TTACAGGCACCGTGAC,0
TTACAGGCACGCGCAT,3
TTACAGGCACTACGGC,6
TTACAGGCACTATGTG,1
TTACAGGCAGCTGCCA,4
TTACAGGCATGAAGCG,2
TTACAGGGTCTAGGTT,6
TTACAGGGTGCCTTCT,1
TTACAGGGTTGGACCC,5
TTACAGGTCACAAGAA,3
TTACAGGTCCAATCCC,0
TTACAGGTCGTAGAGG,4
TTACAGGTCGTTTACT,0
TTCGATTAGCCTCTGG,0
TTCGATTAGGCGTTAG,6
TTCGATTAGGTTGCCC,1
TTCGATTAGTATAACG,1
TTCGATTCAATCTGCA,2
TTCGATTCATTATGCG,0
TTCGATTGTAACGCGA,0
TTCGATTGTGACGCCT,4
TTCGATTGTGCGGTAA,2
TTCGATTGTGTCTAAC,4
TTCGATTGTTAAGACA,1
TTCGATTGTTAAGCAA,2
TTCGATTGTTCGGCTG,3
TTCGATTTCACAAGAA,2
TTCGATTTCCAATCCC,1
TTCGATTTCGAACGCC,1
TTGTTTGAGAAATTGC,0
TTGTTTGAGACCAGAC,2
TTGTTTGAGACCATTC,5
TTGTTTGAGACGTCCC,6
TTGTTTGAGATCGCCC,4
TTGTTTGAGCAATTAG,3
TTGTTTGAGGCCTAGA,2
TTGTTTGCAAGTCGTT,4
TTGTTTGCACCCTCTA,4
TTGTTTGCACTATGTG,0
TTGTTTGCACTTCAGA,6
TTGTTTGCAGCTACTA,4
TTGTTTGCATATCTGG,0
TTGTTTGCATCCTATT,3
TTGTTTGGTACGGGAT,1
TTGTTTGGTATACCTG,2
TTGTTTGGTCACGCTG,3
TTGTTTGGTTTGATCG,1
TTGTTTGTCAAAGGTA,5
TTGTTTGTCCCGTTGT,3
TTGTTTGTCCGCTTAC,4
TTGTTTGTCTAGTCAG,3
TTGTTTGTCTCCGAGG,3
TTTCATGAGACCATTC,1
TTTCATGAGCTCACTA,1
TTTCATGAGGAACTCG,0
TTTCATGAGGTTGCCC,5
TTTCATGCAATAGTAG,0
TTTCATGCACAAATCC,5
TTTCATGCACAGAGAC,0
TTTCATGGTATGAGCG,4
TTTCATGGTCTTCATT,1
TTTCATGGTGCACAAG,3
TTTCATGGTGCCTTCT,0
TTTCATGGTTAAGACA,3
TTTCATGGTTGGGATG,4
TTTCATGGTTTGATCG,0
TTTCATGTCCACGTAA,6
TTTCATGTCTCATAGG,6
TTTCATGTCTCTAGGA,0
TTTCGATAGCAATTAG,4
TTTCGATAGCAGCCCT,0
TTTCGATAGGCTCAAG,4
TTTCGATAGGTCTACT,2
TTTCGATAGGTTACAA,0
TTTCGATAGTATAACG,0
TTTCGATAGTCATCCA,1
TTTCGATAGTGGCCTC,0
TTTCGATCAACGCATT,2
TTTCGATCAATTAGGA,0
TTTCGATCACCAGCGT,0
TTTCGATCAGGTTCAT,0
TTTCGATCATCAGTGT,1
TTTCGATGTATGAGCG,4
TTTCGATGTCCCGTGA,2
TTTCGATGTTAAGCAA,5
TTTCGATGTTCCGTTC,0
TTTCGATTCCCGTTGT,1
TTTCGATTCCGAGAAG,0
TTTCGATTCCTGCTAC,4
TTTCGATTCTCTAGGA,0
TTTCGATTCTGTGCGG,5
TTTGTTGAGACGTCCC,1
TTTGTTGAGATCACCT,0
TTTGTTGAGCACCTGC,0
TTTGTTGAGCTCACTA,0
TTTGTTGAGGGAGGTG,0
TTTGTTGAGTGGCCTC,1
TTTGTTGCAAGAGAGA,1
TTTGTTGCAAGTAGTA,0
TTTGTTGCAGCTGCCA,2
TTTGTTGCAGGTTCAT,0
TTTGTTGGTAACGCGA,2
TTTGTTGTCATCGCTC,0
TTTGTTGTCCAATCCC,3
TTTGTTGTCCATTGCC,0
TTTGTTGTCCTACAAG,1
TTTGTTGTCCTTCACG,1
TTTGTTGTCGACGCGT,0
TTTGTTGTCGCCACTT,2
TTTGTTGTCGTAGAGG,4
TTTGTTGTCTCTAGGA,0
