Barcode,Barcode,Cluster
AATCACGAGCAGCCCT-1,AATCACGAGCAGCCCT-1,1
AATCACGAGGAACTCG-1,AATCACGAGGAACTCG-1,1
AATCACGCACTACCGG-1,AATCACGCACTACCGG-1,4
AATCACGCATGAATAG-1,AATCACGCATGAATAG-1,1
AATCACGGTATAGGAT-1,AATCACGGTATAGGAT-1,4
AATCACGGTCGAATGG-1,AATCACGGTCGAATGG-1,1
AATCACGGTGTCTAAC-1,AATCACGGTGTCTAAC-1,1
AATCACGTCCACGTAA-1,AATCACGTCCACGTAA-1,1
AATCACGTCCCGTTGT-1,AATCACGTCCCGTTGT-1,4
AATCACGTCGCCTTGT-1,AATCACGTCGCCTTGT-1,2
AATCACGTCGTTTACT-1,AATCACGTCGTTTACT-1,3
AATCACGTCTCACTCG-1,AATCACGTCTCACTCG-1,1
ACAGAAAAGACCATTC-1,ACAGAAAAGACCATTC-1,3
ACAGAAAAGCGACATG-1,ACAGAAAAGCGACATG-1,2
ACAGAAAAGGCCTAGA-1,ACAGAAAAGGCCTAGA-1,4
ACAGAAAAGGTACAGC-1,ACAGAAAAGGTACAGC-1,1
ACAGAAAAGGTTACAA-1,ACAGAAAAGGTTACAA-1,1
ACAGAAACAATAGTAG-1,ACAGAAACAATAGTAG-1,1
ACAGAAACACAGAGAC-1,ACAGAAACACAGAGAC-1,4
ACAGAAACAGACCTAT-1,ACAGAAACAGACCTAT-1,3
ACAGAAACAGCTACTA-1,ACAGAAACAGCTACTA-1,2
ACAGAAACATCAGTGT-1,ACAGAAACATCAGTGT-1,4
ACAGAAAGTCGAATGG-1,ACAGAAAGTCGAATGG-1,4
ACAGAAAGTCGTATGT-1,ACAGAAAGTCGTATGT-1,5
ACAGAAAGTTGGACCC-1,ACAGAAAGTTGGACCC-1,2
ACAGAAATCGACGCGT-1,ACAGAAATCGACGCGT-1,4
ACAGAAATCTCGAGTA-1,ACAGAAATCTCGAGTA-1,4
ACAGAAATCTGAATCG-1,ACAGAAATCTGAATCG-1,1
ACAGAAATCTTAGCCC-1,ACAGAAATCTTAGCCC-1,3
ACCCTTGAGACGTCCC-1,ACCCTTGAGACGTCCC-1,3
ACCCTTGAGACGTCGA-1,ACCCTTGAGACGTCGA-1,1
ACCCTTGAGAGAGCGG-1,ACCCTTGAGAGAGCGG-1,3
ACCCTTGCAAGCCATT-1,ACCCTTGCAAGCCATT-1,2
ACCCTTGCACCAGCGT-1,ACCCTTGCACCAGCGT-1,3
ACCCTTGGTCACGCTG-1,ACCCTTGGTCACGCTG-1,1
ACCCTTGGTCGGTGTC-1,ACCCTTGGTCGGTGTC-1,3
ACCCTTGGTGACGCCT-1,ACCCTTGGTGACGCCT-1,1
ACCCTTGGTTACACAC-1,ACCCTTGGTTACACAC-1,4
ACCCTTGTCCTACAAG-1,ACCCTTGTCCTACAAG-1,3
ACCCTTGTCGTCGGGT-1,ACCCTTGTCGTCGGGT-1,5
ACCCTTGTCTCACTCG-1,ACCCTTGTCTCACTCG-1,3
ACGTCCTAGATCACCT-1,ACGTCCTAGATCACCT-1,4
ACGTCCTAGCGAATGC-1,ACGTCCTAGCGAATGC-1,1
ACGTCCTAGGGCGAAG-1,ACGTCCTAGGGCGAAG-1,2
ACGTCCTAGGTTGCCC-1,ACGTCCTAGGTTGCCC-1,4
ACGTCCTCAAACCATC-1,ACGTCCTCAAACCATC-1,2
ACGTCCTCAAGAGTAT-1,ACGTCCTCAAGAGTAT-1,2
ACGTCCTCATGAATAG-1,ACGTCCTCATGAATAG-1,1
ACGTCCTCATTATGCG-1,ACGTCCTCATTATGCG-1,2
ACGTCCTGTATGCGTT-1,ACGTCCTGTATGCGTT-1,1
ACGTCCTGTCCCGTGA-1,ACGTCCTGTCCCGTGA-1,2
ACGTCCTGTGCACAAG-1,ACGTCCTGTGCACAAG-1,1
ACGTCCTTCCCAAGCG-1,ACGTCCTTCCCAAGCG-1,1
ACGTCCTTCGCGGTAC-1,ACGTCCTTCGCGGTAC-1,1
ACGTCCTTCTGCCCTA-1,ACGTCCTTCTGCCCTA-1,4
ACGTCCTTCTGTGCGG-1,ACGTCCTTCTGTGCGG-1,5
ACGTCCTTCTTAGCCC-1,ACGTCCTTCTTAGCCC-1,1
ACTATTCAGCAATTAG-1,ACTATTCAGCAATTAG-1,4
ACTATTCAGGCCTAGA-1,ACTATTCAGGCCTAGA-1,2
ACTATTCAGTAATTGG-1,ACTATTCAGTAATTGG-1,1
ACTATTCCAATCTCGA-1,ACTATTCCAATCTCGA-1,3
ACTATTCCAATCTGCA-1,ACTATTCCAATCTGCA-1,4
ACTATTCCACTTCAGA-1,ACTATTCCACTTCAGA-1,4
ACTATTCCATCCTTCG-1,ACTATTCCATCCTTCG-1,4
ACTATTCGTAACTTCG-1,ACTATTCGTAACTTCG-1,1
ACTATTCGTATGCGTT-1,ACTATTCGTATGCGTT-1,2
ACTATTCGTCACGCTG-1,ACTATTCGTCACGCTG-1,2
ACTATTCGTGCCTTCT-1,ACTATTCGTGCCTTCT-1,2
ACTATTCGTTGGGATG-1,ACTATTCGTTGGGATG-1,3
ACTATTCTCACAAGAA-1,ACTATTCTCACAAGAA-1,2
ACTATTCTCCGGACGT-1,ACTATTCTCCGGACGT-1,5
ACTATTCTCGCGGTAC-1,ACTATTCTCGCGGTAC-1,1
ACTATTCTCTCCAATT-1,ACTATTCTCTCCAATT-1,4
ACTATTCTCTCGAGTA-1,ACTATTCTCTCGAGTA-1,2
ACTATTCTCTGCCCTA-1,ACTATTCTCTGCCCTA-1,4
ACTATTCTCTTAGCCC-1,ACTATTCTCTTAGCCC-1,2
ACTGTGAAGAGAGCGG-1,ACTGTGAAGAGAGCGG-1,3
ACTGTGAAGCAGGTCA-1,ACTGTGAAGCAGGTCA-1,2
ACTGTGAAGCTTAAGA-1,ACTGTGAAGCTTAAGA-1,2
ACTGTGAAGGAACTCG-1,ACTGTGAAGGAACTCG-1,2
ACTGTGAAGGATCACG-1,ACTGTGAAGGATCACG-1,1
ACTGTGAAGGCGTTAG-1,ACTGTGAAGGCGTTAG-1,4
ACTGTGAAGGCTCAAG-1,ACTGTGAAGGCTCAAG-1,2
ACTGTGAAGGGAGGTG-1,ACTGTGAAGGGAGGTG-1,2
ACTGTGAAGTGGCCTC-1,ACTGTGAAGTGGCCTC-1,2
ACTGTGACAATTAGGA-1,ACTGTGACAATTAGGA-1,5
ACTGTGACACAAATCC-1,ACTGTGACACAAATCC-1,1
ACTGTGACACCAGCGT-1,ACTGTGACACCAGCGT-1,4
ACTGTGACACTATGTG-1,ACTGTGACACTATGTG-1,4
ACTGTGACAGCTGCCA-1,ACTGTGACAGCTGCCA-1,2
ACTGTGACATCCTATT-1,ACTGTGACATCCTATT-1,5
ACTGTGACATCCTTCG-1,ACTGTGACATCCTTCG-1,1
ACTGTGACATTATGCG-1,ACTGTGACATTATGCG-1,4
ACTGTGAGTATGAGCG-1,ACTGTGAGTATGAGCG-1,3
ACTGTGAGTCAAGCCC-1,ACTGTGAGTCAAGCCC-1,1
ACTGTGAGTCCACACG-1,ACTGTGAGTCCACACG-1,5
ACTGTGAGTGCACAAG-1,ACTGTGAGTGCACAAG-1,2
ACTGTGAGTTCCGTTC-1,ACTGTGAGTTCCGTTC-1,2
ACTGTGATCAATCCAG-1,ACTGTGATCAATCCAG-1,2
ACTGTGATCTAGTCAG-1,ACTGTGATCTAGTCAG-1,3
ACTGTGATCTCATAGG-1,ACTGTGATCTCATAGG-1,1
ACTGTGATCTCTAGGA-1,ACTGTGATCTCTAGGA-1,5
ACTTTCAAGAAATTGC-1,ACTTTCAAGAAATTGC-1,4
ACTTTCAAGATGCTTC-1,ACTTTCAAGATGCTTC-1,1
ACTTTCAAGCACTCTA-1,ACTTTCAAGCACTCTA-1,4
ACTTTCAAGCCTCTGG-1,ACTTTCAAGCCTCTGG-1,1
ACTTTCAAGCGACATG-1,ACTTTCAAGCGACATG-1,1
ACTTTCAAGGTTGGAC-1,ACTTTCAAGGTTGGAC-1,2
ACTTTCAAGTCATCCA-1,ACTTTCAAGTCATCCA-1,2
ACTTTCACAAATGCGG-1,ACTTTCACAAATGCGG-1,1
ACTTTCACAAGAGAGA-1,ACTTTCACAAGAGAGA-1,3
ACTTTCACAAGCCATT-1,ACTTTCACAAGCCATT-1,4
ACTTTCACAAGTAGTA-1,ACTTTCACAAGTAGTA-1,2
ACTTTCACACTAAACC-1,ACTTTCACACTAAACC-1,2
ACTTTCACACTTCAGA-1,ACTTTCACACTTCAGA-1,4
ACTTTCACAGGGAATC-1,ACTTTCACAGGGAATC-1,1
ACTTTCACATCAGTGT-1,ACTTTCACATCAGTGT-1,2
ACTTTCAGTAGTGTGG-1,ACTTTCAGTAGTGTGG-1,2
ACTTTCAGTATGCGTT-1,ACTTTCAGTATGCGTT-1,3
ACTTTCAGTGATTGGG-1,ACTTTCAGTGATTGGG-1,4
ACTTTCAGTGTCTAAC-1,ACTTTCAGTGTCTAAC-1,2
ACTTTCAGTTACACAC-1,ACTTTCAGTTACACAC-1,4
ACTTTCATCAAAGGTA-1,ACTTTCATCAAAGGTA-1,2
ACTTTCATCTGGCTGG-1,ACTTTCATCTGGCTGG-1,3
ACTTTCATCTGTGCGG-1,ACTTTCATCTGTGCGG-1,2
AGACACTAGACCATTC-1,AGACACTAGACCATTC-1,2
AGACACTAGCAATTAG-1,AGACACTAGCAATTAG-1,4
AGACACTAGGGAGGTG-1,AGACACTAGGGAGGTG-1,4
AGACACTAGTATAACG-1,AGACACTAGTATAACG-1,1
AGACACTCAACGCATT-1,AGACACTCAACGCATT-1,4
AGACACTCAAGAGTAT-1,AGACACTCAAGAGTAT-1,1
AGACACTCACATGAAA-1,AGACACTCACATGAAA-1,2
AGACACTCACCCTCTA-1,AGACACTCACCCTCTA-1,4
AGACACTCACTACGGC-1,AGACACTCACTACGGC-1,2
AGACACTCATCCTATT-1,AGACACTCATCCTATT-1,2
AGACACTGTAATGCTC-1,AGACACTGTAATGCTC-1,1
AGACACTGTACGGGAT-1,AGACACTGTACGGGAT-1,4
AGACACTGTAGCGTAG-1,AGACACTGTAGCGTAG-1,2
AGACACTGTATACCTG-1,AGACACTGTATACCTG-1,1
AGACACTGTGCGGTAA-1,AGACACTGTGCGGTAA-1,1
AGACACTGTGTCTAAC-1,AGACACTGTGTCTAAC-1,4
AGACACTTCAAAGGTA-1,AGACACTTCAAAGGTA-1,1
AGACACTTCTTAGCAG-1,AGACACTTCTTAGCAG-1,5
AGGGAGTAGCACCTGC-1,AGGGAGTAGCACCTGC-1,3
AGGGAGTAGCACTCTA-1,AGGGAGTAGCACTCTA-1,4
AGGGAGTAGGATCACG-1,AGGGAGTAGGATCACG-1,1
AGGGAGTAGGGCGAAG-1,AGGGAGTAGGGCGAAG-1,2
AGGGAGTAGGTTACAA-1,AGGGAGTAGGTTACAA-1,2
AGGGAGTAGGTTGGAC-1,AGGGAGTAGGTTGGAC-1,2
AGGGAGTAGTAGTCTC-1,AGGGAGTAGTAGTCTC-1,3
AGGGAGTGTACTGAGG-1,AGGGAGTGTACTGAGG-1,1
AGGGAGTGTAGCGTAG-1,AGGGAGTGTAGCGTAG-1,2
AGGGAGTGTAGTGTGG-1,AGGGAGTGTAGTGTGG-1,1
AGGGAGTGTTCGGCTG-1,AGGGAGTGTTCGGCTG-1,3
AGGGAGTTCAAGAAAC-1,AGGGAGTTCAAGAAAC-1,5
AGGGAGTTCATGCCCT-1,AGGGAGTTCATGCCCT-1,4
AGGGAGTTCCCAACTC-1,AGGGAGTTCCCAACTC-1,1
AGGGAGTTCCGCTTAC-1,AGGGAGTTCCGCTTAC-1,2
AGGGAGTTCGAACGCC-1,AGGGAGTTCGAACGCC-1,1
AGGGAGTTCTCGAGTA-1,AGGGAGTTCTCGAGTA-1,1
AGGGAGTTCTCTAGGA-1,AGGGAGTTCTCTAGGA-1,5
AGGGTGAAGCACCTGC-1,AGGGTGAAGCACCTGC-1,2
AGGGTGAAGCTTAAGA-1,AGGGTGAAGCTTAAGA-1,5
AGGGTGAAGGCCTAGA-1,AGGGTGAAGGCCTAGA-1,2
AGGGTGAAGGCGTTAG-1,AGGGTGAAGGCGTTAG-1,5
AGGGTGAAGGGAGGTG-1,AGGGTGAAGGGAGGTG-1,2
AGGGTGAAGTCATCCA-1,AGGGTGAAGTCATCCA-1,4
AGGGTGACACTACGGC-1,AGGGTGACACTACGGC-1,1
AGGGTGACAGCAGTGA-1,AGGGTGACAGCAGTGA-1,2
AGGGTGACATCAGTGT-1,AGGGTGACATCAGTGT-1,1
AGGGTGACATCCTTCG-1,AGGGTGACATCCTTCG-1,4
AGGGTGAGTCAAGCGA-1,AGGGTGAGTCAAGCGA-1,1
AGGGTGAGTTAAGTCC-1,AGGGTGAGTTAAGTCC-1,4
AGGGTGATCATCGCTC-1,AGGGTGATCATCGCTC-1,4
AGGGTGATCCATTGCC-1,AGGGTGATCCATTGCC-1,2
AGGGTGATCCGAGAAG-1,AGGGTGATCCGAGAAG-1,4
AGGGTGATCCGCTTAC-1,AGGGTGATCCGCTTAC-1,3
AGGGTGATCGAACGCC-1,AGGGTGATCGAACGCC-1,2
AGTAACCAGCTCACTA-1,AGTAACCAGCTCACTA-1,2
AGTAACCAGTGTTGAA-1,AGTAACCAGTGTTGAA-1,3
AGTAACCCAAACCATC-1,AGTAACCCAAACCATC-1,2
AGTAACCCACCGTGAC-1,AGTAACCCACCGTGAC-1,2
AGTAACCCACGCGCAT-1,AGTAACCCACGCGCAT-1,1
AGTAACCCACTAAACC-1,AGTAACCCACTAAACC-1,1
AGTAACCCACTACACA-1,AGTAACCCACTACACA-1,3
AGTAACCGTAGCGTAG-1,AGTAACCGTAGCGTAG-1,2
AGTAACCGTCGAATGG-1,AGTAACCGTCGAATGG-1,3
AGTAACCGTCGTGCCA-1,AGTAACCGTCGTGCCA-1,2
AGTAACCGTCTAGGTT-1,AGTAACCGTCTAGGTT-1,2
AGTAACCGTTGGACCC-1,AGTAACCGTTGGACCC-1,5
AGTAACCTCAAGAAAC-1,AGTAACCTCAAGAAAC-1,3
AGTAACCTCGCGGTAC-1,AGTAACCTCGCGGTAC-1,2
AGTAACCTCTCCAATT-1,AGTAACCTCTCCAATT-1,4
AGTAACCTCTGGCTGG-1,AGTAACCTCTGGCTGG-1,1
AGTAGTCAGACCAGAC-1,AGTAGTCAGACCAGAC-1,2
AGTAGTCAGCGAATGC-1,AGTAGTCAGCGAATGC-1,2
AGTAGTCAGCTTGTTG-1,AGTAGTCAGCTTGTTG-1,3
AGTAGTCAGGAACTCG-1,AGTAGTCAGGAACTCG-1,2
AGTAGTCAGTAGTCTC-1,AGTAGTCAGTAGTCTC-1,2
AGTAGTCCAAGAGTAT-1,AGTAGTCCAAGAGTAT-1,3
AGTAGTCCAGCTGCCA-1,AGTAGTCCAGCTGCCA-1,3
AGTAGTCGTATGCGTT-1,AGTAGTCGTATGCGTT-1,1
AGTAGTCGTGATTGGG-1,AGTAGTCGTGATTGGG-1,3
AGTAGTCGTGGCTTAT-1,AGTAGTCGTGGCTTAT-1,3
AGTAGTCGTTCGAAGG-1,AGTAGTCGTTCGAAGG-1,2
AGTAGTCTCATGCCCT-1,AGTAGTCTCATGCCCT-1,2
AGTAGTCTCCCGTTGT-1,AGTAGTCTCCCGTTGT-1,3
AGTAGTCTCGCGGTAC-1,AGTAGTCTCGCGGTAC-1,1
AGTAGTCTCGTAGAGG-1,AGTAGTCTCGTAGAGG-1,1
AGTGACTAGACGTCCC-1,AGTGACTAGACGTCCC-1,1
AGTGACTAGCATTGAA-1,AGTGACTAGCATTGAA-1,2
AGTGACTAGCGAATGC-1,AGTGACTAGCGAATGC-1,1
AGTGACTAGGAACTCG-1,AGTGACTAGGAACTCG-1,4
AGTGACTAGGATCACG-1,AGTGACTAGGATCACG-1,4
AGTGACTAGGCGTTAG-1,AGTGACTAGGCGTTAG-1,1
AGTGACTAGTAGGAAG-1,AGTGACTAGTAGGAAG-1,2
AGTGACTAGTGTTGAA-1,AGTGACTAGTGTTGAA-1,5
AGTGACTCAATCTGCA-1,AGTGACTCAATCTGCA-1,2
AGTGACTCACCGTGAC-1,AGTGACTCACCGTGAC-1,3
AGTGACTCATTATGCG-1,AGTGACTCATTATGCG-1,2
AGTGACTGTACGGGAT-1,AGTGACTGTACGGGAT-1,4
AGTGACTGTAGTGTGG-1,AGTGACTGTAGTGTGG-1,3
AGTGACTGTGGCTTAT-1,AGTGACTGTGGCTTAT-1,2
AGTGACTTCATTTGGG-1,AGTGACTTCATTTGGG-1,2
AGTGACTTCCCAAGCG-1,AGTGACTTCCCAAGCG-1,5
AGTGACTTCGCCCAGA-1,AGTGACTTCGCCCAGA-1,2
AGTGACTTCGTTTACT-1,AGTGACTTCGTTTACT-1,2
AGTGACTTCTAGTCAG-1,AGTGACTTCTAGTCAG-1,3
AGTGACTTCTCTAGGA-1,AGTGACTTCTCTAGGA-1,2
ATGAGTCAGATACCAA-1,ATGAGTCAGATACCAA-1,1
ATGAGTCAGGCCTAGA-1,ATGAGTCAGGCCTAGA-1,2
ATGAGTCAGTCCCAAT-1,ATGAGTCAGTCCCAAT-1,3
ATGAGTCCACATGAAA-1,ATGAGTCCACATGAAA-1,3
ATGAGTCCATGGCTAT-1,ATGAGTCCATGGCTAT-1,1
ATGAGTCGTATAGGAT-1,ATGAGTCGTATAGGAT-1,2
ATGAGTCGTCACTCGG-1,ATGAGTCGTCACTCGG-1,5
ATGAGTCGTCGTGCCA-1,ATGAGTCGTCGTGCCA-1,3
ATGAGTCGTGCACAAG-1,ATGAGTCGTGCACAAG-1,4
ATGAGTCGTTAAGCAA-1,ATGAGTCGTTAAGCAA-1,2
ATGAGTCGTTTGATCG-1,ATGAGTCGTTTGATCG-1,3
ATGAGTCTCAATCCAG-1,ATGAGTCTCAATCCAG-1,1
ATGAGTCTCATCGCTC-1,ATGAGTCTCATCGCTC-1,3
ATGAGTCTCCTTATCA-1,ATGAGTCTCCTTATCA-1,4
ATGAGTCTCCTTCACG-1,ATGAGTCTCCTTCACG-1,1
ATGAGTCTCGTTTACT-1,ATGAGTCTCGTTTACT-1,4
CACAGATAGCAGGTCA-1,CACAGATAGCAGGTCA-1,1
CACAGATAGCCTCTGG-1,CACAGATAGCCTCTGG-1,1
CACAGATAGCGACATG-1,CACAGATAGCGACATG-1,1
CACAGATAGTCCCAAT-1,CACAGATAGTCCCAAT-1,4
CACAGATCAAGAGAGA-1,CACAGATCAAGAGAGA-1,2
CACAGATCAAGAGTAT-1,CACAGATCAAGAGTAT-1,1
CACAGATCAATTAGGA-1,CACAGATCAATTAGGA-1,3
CACAGATCACGCGCAT-1,CACAGATCACGCGCAT-1,3
CACAGATCACTAAACC-1,CACAGATCACTAAACC-1,1
CACAGATCAGCTGCCA-1,CACAGATCAGCTGCCA-1,5
CACAGATCAGGGAATC-1,CACAGATCAGGGAATC-1,4
CACAGATCATGTTCGA-1,CACAGATCATGTTCGA-1,2
CACAGATGTCAAGCCC-1,CACAGATGTCAAGCCC-1,3
CACAGATGTCACTCGG-1,CACAGATGTCACTCGG-1,1
CACAGATGTCCTTAAG-1,CACAGATGTCCTTAAG-1,3
CACAGATGTGCACAAG-1,CACAGATGTGCACAAG-1,2
CACAGATGTTAAGACA-1,CACAGATGTTAAGACA-1,3
CACAGATGTTCCACGG-1,CACAGATGTTCCACGG-1,1
CACAGATGTTGGAGGT-1,CACAGATGTTGGAGGT-1,3
CACAGATTCAAGAAAC-1,CACAGATTCAAGAAAC-1,4
CACAGATTCATGCCCT-1,CACAGATTCATGCCCT-1,3
CACAGATTCCATTGCC-1,CACAGATTCCATTGCC-1,4
CACAGATTCCCAACTC-1,CACAGATTCCCAACTC-1,3
CACAGATTCCGTATGA-1,CACAGATTCCGTATGA-1,3
CACAGATTCGTAGAGG-1,CACAGATTCGTAGAGG-1,2
CACAGATTCGTTTACT-1,CACAGATTCGTTTACT-1,5
CAGCAGCAGCTCTGTA-1,CAGCAGCAGCTCTGTA-1,1
CAGCAGCAGGCTCAAG-1,CAGCAGCAGGCTCAAG-1,1
CAGCAGCAGGTTGCCC-1,CAGCAGCAGGTTGCCC-1,1
CAGCAGCAGTCATCCA-1,CAGCAGCAGTCATCCA-1,2
CAGCAGCCACTTCAGA-1,CAGCAGCCACTTCAGA-1,4
CAGCAGCCAGGGAATC-1,CAGCAGCCAGGGAATC-1,5
CAGCAGCCATCCTTCG-1,CAGCAGCCATCCTTCG-1,3
CAGCAGCCATGAAGGC-1,CAGCAGCCATGAAGGC-1,3
CAGCAGCCATGGCTAT-1,CAGCAGCCATGGCTAT-1,4
CAGCAGCGTAACTTCG-1,CAGCAGCGTAACTTCG-1,2
CAGCAGCGTCCCGGTA-1,CAGCAGCGTCCCGGTA-1,5
CAGCAGCGTCTAGGTT-1,CAGCAGCGTCTAGGTT-1,4
CAGCAGCGTTACACAC-1,CAGCAGCGTTACACAC-1,3
CAGCAGCGTTAGGAGC-1,CAGCAGCGTTAGGAGC-1,2
CAGCAGCGTTCCGTTC-1,CAGCAGCGTTCCGTTC-1,1
CAGCAGCTCCGAGAAG-1,CAGCAGCTCCGAGAAG-1,1
CAGCAGCTCCGTATGA-1,CAGCAGCTCCGTATGA-1,2
CAGCAGCTCGCCACTT-1,CAGCAGCTCGCCACTT-1,2
CAGCGTGAGACCAGAC-1,CAGCGTGAGACCAGAC-1,4
CAGCGTGAGATCGCCC-1,CAGCGTGAGATCGCCC-1,3
CAGCGTGAGGGAGGTG-1,CAGCGTGAGGGAGGTG-1,1
CAGCGTGAGGTTGGAC-1,CAGCGTGAGGTTGGAC-1,3
CAGCGTGCACACCGCA-1,CAGCGTGCACACCGCA-1,3
CAGCGTGCACAGAGAC-1,CAGCGTGCACAGAGAC-1,2
CAGCGTGCATCCTATT-1,CAGCGTGCATCCTATT-1,3
CAGCGTGCATGGCTAT-1,CAGCGTGCATGGCTAT-1,1
CAGCGTGGTAACTTCG-1,CAGCGTGGTAACTTCG-1,2
CAGCGTGGTATAGGAT-1,CAGCGTGGTATAGGAT-1,1
CAGCGTGGTCCCGGTA-1,CAGCGTGGTCCCGGTA-1,2
CAGCGTGGTCTTCATT-1,CAGCGTGGTCTTCATT-1,3
CAGCGTGGTTAAGACA-1,CAGCGTGGTTAAGACA-1,2
CAGCGTGTCATCGCTC-1,CAGCGTGTCATCGCTC-1,3
CAGCGTGTCATGCCCT-1,CAGCGTGTCATGCCCT-1,3
CAGCGTGTCCCGTTGT-1,CAGCGTGTCCCGTTGT-1,2
CAGCGTGTCCGCTTAC-1,CAGCGTGTCCGCTTAC-1,1
CAGCGTGTCGCCTTGT-1,CAGCGTGTCGCCTTGT-1,1
CAGCGTGTCGTCGGGT-1,CAGCGTGTCGTCGGGT-1,3
CAGCGTGTCTAGTCAG-1,CAGCGTGTCTAGTCAG-1,2
CAGCGTGTCTGCCCTA-1,CAGCGTGTCTGCCCTA-1,1
CAGGCCAAGATCACCT-1,CAGGCCAAGATCACCT-1,1
CAGGCCAAGGTACAGC-1,CAGGCCAAGGTACAGC-1,2
CAGGCCAAGTGGCCTC-1,CAGGCCAAGTGGCCTC-1,1
CAGGCCACAAGAGAGA-1,CAGGCCACAAGAGAGA-1,4
CAGGCCACACATGAAA-1,CAGGCCACACATGAAA-1,1
CAGGCCACATATCTGG-1,CAGGCCACATATCTGG-1,1
CAGGCCAGTACTGAGG-1,CAGGCCAGTACTGAGG-1,4
CAGGCCAGTCACGCTG-1,CAGGCCAGTCACGCTG-1,2
CAGGCCAGTCGGTGTC-1,CAGGCCAGTCGGTGTC-1,3
CAGGCCAGTTAAGTCC-1,CAGGCCAGTTAAGTCC-1,1
CATACAGAGAAATTGC-1,CATACAGAGAAATTGC-1,1
CATACAGAGCAGGTCA-1,CATACAGAGCAGGTCA-1,1
CATACAGAGCGACATG-1,CATACAGAGCGACATG-1,4
CATACAGAGCTTAAGA-1,CATACAGAGCTTAAGA-1,1
CATACAGAGGTTACAA-1,CATACAGAGGTTACAA-1,1
CATACAGCAAGAGAGA-1,CATACAGCAAGAGAGA-1,2
CATACAGCACCAGCGT-1,CATACAGCACCAGCGT-1,5
CATACAGCACTACACA-1,CATACAGCACTACACA-1,3
CATACAGCAGCTGCCA-1,CATACAGCAGCTGCCA-1,2
CATACAGCATATCTGG-1,CATACAGCATATCTGG-1,5
CATACAGGTCACTCGG-1,CATACAGGTCACTCGG-1,2
CATACAGGTGTCTAAC-1,CATACAGGTGTCTAAC-1,4
CATACAGGTTGGACCC-1,CATACAGGTTGGACCC-1,2
CATACAGGTTGGGATG-1,CATACAGGTTGGGATG-1,2
CCCTCTCAGACGTCCC-1,CCCTCTCAGACGTCCC-1,3
CCCTCTCAGCAGGTCA-1,CCCTCTCAGCAGGTCA-1,2
CCCTCTCAGGTCTACT-1,CCCTCTCAGGTCTACT-1,1
CCCTCTCAGTCATCCA-1,CCCTCTCAGTCATCCA-1,2
CCCTCTCCAAATGCGG-1,CCCTCTCCAAATGCGG-1,2
CCCTCTCCACACCGCA-1,CCCTCTCCACACCGCA-1,1
CCCTCTCCACAGAGAC-1,CCCTCTCCACAGAGAC-1,5
CCCTCTCCATTATGCG-1,CCCTCTCCATTATGCG-1,4
CCCTCTCGTACGGGAT-1,CCCTCTCGTACGGGAT-1,2
CCCTCTCGTATACCTG-1,CCCTCTCGTATACCTG-1,4
CCCTCTCGTCACTCGG-1,CCCTCTCGTCACTCGG-1,4
CCCTCTCGTCTAGGTT-1,CCCTCTCGTCTAGGTT-1,2
CCCTCTCGTGACGCCT-1,CCCTCTCGTGACGCCT-1,1
CCCTCTCGTGCACAAG-1,CCCTCTCGTGCACAAG-1,4
CCCTCTCGTGCGGTAA-1,CCCTCTCGTGCGGTAA-1,3
CCCTCTCGTTCCACGG-1,CCCTCTCGTTCCACGG-1,4
CCCTCTCGTTGGACCC-1,CCCTCTCGTTGGACCC-1,1
CCCTCTCTCCCAAGCG-1,CCCTCTCTCCCAAGCG-1,1
CCCTCTCTCCGCACGA-1,CCCTCTCTCCGCACGA-1,3
CCCTCTCTCGAACGCC-1,CCCTCTCTCGAACGCC-1,1
CCCTCTCTCTCCGAGG-1,CCCTCTCTCTCCGAGG-1,1
CCCTCTCTCTCTAGGA-1,CCCTCTCTCTCTAGGA-1,1
CGGCAGTAGAGAGCGG-1,CGGCAGTAGAGAGCGG-1,4
CGGCAGTCACACCGCA-1,CGGCAGTCACACCGCA-1,3
CGGCAGTCACCAGCGT-1,CGGCAGTCACCAGCGT-1,3
CGGCAGTCAGTGTGCC-1,CGGCAGTCAGTGTGCC-1,3
CGGCAGTCATCCTATT-1,CGGCAGTCATCCTATT-1,2
CGGCAGTGTAGAATGT-1,CGGCAGTGTAGAATGT-1,3
CGGCAGTGTAGGTTTC-1,CGGCAGTGTAGGTTTC-1,4
CGGCAGTGTATAGGAT-1,CGGCAGTGTATAGGAT-1,3
CGGCAGTGTATGCGTT-1,CGGCAGTGTATGCGTT-1,1
CGGCAGTGTCCACACG-1,CGGCAGTGTCCACACG-1,3
CGGCAGTGTCGAATGG-1,CGGCAGTGTCGAATGG-1,1
CGGCAGTGTGCCTTCT-1,CGGCAGTGTGCCTTCT-1,4
CGGCAGTGTTACACAC-1,CGGCAGTGTTACACAC-1,1
CGGCAGTGTTGGAGGT-1,CGGCAGTGTTGGAGGT-1,3
CGGCAGTGTTTGATCG-1,CGGCAGTGTTTGATCG-1,1
CGGCAGTTCCGGACGT-1,CGGCAGTTCCGGACGT-1,5
CGTCCATAGCTCTGTA-1,CGTCCATAGCTCTGTA-1,1
CGTCCATAGTGTTGAA-1,CGTCCATAGTGTTGAA-1,2
CGTCCATCACGCGCAT-1,CGTCCATCACGCGCAT-1,4
CGTCCATCACTACACA-1,CGTCCATCACTACACA-1,5
CGTCCATCAGCAGTGA-1,CGTCCATCAGCAGTGA-1,2
CGTCCATCAGGGAATC-1,CGTCCATCAGGGAATC-1,3
CGTCCATCATATCTGG-1,CGTCCATCATATCTGG-1,1
CGTCCATGTAGGTTTC-1,CGTCCATGTAGGTTTC-1,1
CGTCCATGTCAAGCGA-1,CGTCCATGTCAAGCGA-1,1
CGTCCATGTGCACAAG-1,CGTCCATGTGCACAAG-1,2
CGTCCATGTTAGGAGC-1,CGTCCATGTTAGGAGC-1,2
CGTCCATGTTCGGCTG-1,CGTCCATGTTCGGCTG-1,1
CGTCCATTCTGCCCTA-1,CGTCCATTCTGCCCTA-1,2
GAGGGTAAGACCAGAC-1,GAGGGTAAGACCAGAC-1,3
GAGGGTAAGCACCTGC-1,GAGGGTAAGCACCTGC-1,1
GAGGGTAAGCGACATG-1,GAGGGTAAGCGACATG-1,1
GAGGGTAAGGCCTAGA-1,GAGGGTAAGGCCTAGA-1,2
GAGGGTAAGGGAGGTG-1,GAGGGTAAGGGAGGTG-1,2
GAGGGTAAGGTCTACT-1,GAGGGTAAGGTCTACT-1,2
GAGGGTAAGTCTTGGT-1,GAGGGTAAGTCTTGGT-1,5
GAGGGTAAGTGTTGAA-1,GAGGGTAAGTGTTGAA-1,3
GAGGGTACAAATGCGG-1,GAGGGTACAAATGCGG-1,1
GAGGGTACAGGTTCAT-1,GAGGGTACAGGTTCAT-1,3
GAGGGTAGTAGTGTGG-1,GAGGGTAGTAGTGTGG-1,5
GAGGGTAGTTAGGAGC-1,GAGGGTAGTTAGGAGC-1,1
GAGGGTAGTTCGAAGG-1,GAGGGTAGTTCGAAGG-1,1
GAGGGTAGTTCGGCTG-1,GAGGGTAGTTCGGCTG-1,2
GAGGGTAGTTGGACCC-1,GAGGGTAGTTGGACCC-1,1
GAGGGTATCAGGGATG-1,GAGGGTATCAGGGATG-1,3
GAGGGTATCCGGACGT-1,GAGGGTATCCGGACGT-1,1
GAGGGTATCGAACGCC-1,GAGGGTATCGAACGCC-1,3
GAGGGTATCGTTCCTG-1,GAGGGTATCGTTCCTG-1,5
GAGGGTATCTCCGAGG-1,GAGGGTATCTCCGAGG-1,1
GAGTTGTAGCAATTAG-1,GAGTTGTAGCAATTAG-1,1
GAGTTGTAGCCTCTTC-1,GAGTTGTAGCCTCTTC-1,4
GAGTTGTCAAGTAGTA-1,GAGTTGTCAAGTAGTA-1,1
GAGTTGTCAAGTCGTT-1,GAGTTGTCAAGTCGTT-1,2
GAGTTGTCACTAAACC-1,GAGTTGTCACTAAACC-1,5
GAGTTGTCAGTGTGCC-1,GAGTTGTCAGTGTGCC-1,3
GAGTTGTCATGAATAG-1,GAGTTGTCATGAATAG-1,4
GAGTTGTGTCGTGCCA-1,GAGTTGTGTCGTGCCA-1,4
GAGTTGTGTCTAGGTT-1,GAGTTGTGTCTAGGTT-1,2
GAGTTGTGTGCCTTCT-1,GAGTTGTGTGCCTTCT-1,5
GAGTTGTGTTCCACGG-1,GAGTTGTGTTCCACGG-1,1
GAGTTGTGTTCGAAGG-1,GAGTTGTGTTCGAAGG-1,2
GAGTTGTTCCGCTTAC-1,GAGTTGTTCCGCTTAC-1,1
GCGTTTCAGATACCAA-1,GCGTTTCAGATACCAA-1,2
GCGTTTCAGCTCACTA-1,GCGTTTCAGCTCACTA-1,3
GCGTTTCAGCTCTGTA-1,GCGTTTCAGCTCTGTA-1,4
GCGTTTCAGCTTGTTG-1,GCGTTTCAGCTTGTTG-1,2
GCGTTTCAGGAACTCG-1,GCGTTTCAGGAACTCG-1,2
GCGTTTCAGGATCACG-1,GCGTTTCAGGATCACG-1,3
GCGTTTCAGGTACAGC-1,GCGTTTCAGGTACAGC-1,1
GCGTTTCAGGTTGCCC-1,GCGTTTCAGGTTGCCC-1,2
GCGTTTCCACCGTGAC-1,GCGTTTCCACCGTGAC-1,2
GCGTTTCCAGCTGCCA-1,GCGTTTCCAGCTGCCA-1,5
GCGTTTCCATGGCTAT-1,GCGTTTCCATGGCTAT-1,3
GCGTTTCGTAACTTCG-1,GCGTTTCGTAACTTCG-1,1
GCGTTTCGTAGCGTAG-1,GCGTTTCGTAGCGTAG-1,3
GCGTTTCGTAGTGTGG-1,GCGTTTCGTAGTGTGG-1,1
GCGTTTCGTATGCGTT-1,GCGTTTCGTATGCGTT-1,1
GCGTTTCGTCAAGCCC-1,GCGTTTCGTCAAGCCC-1,2
GCGTTTCGTCGAATGG-1,GCGTTTCGTCGAATGG-1,2
GCGTTTCGTCTAGGTT-1,GCGTTTCGTCTAGGTT-1,2
GCGTTTCGTGACAGGT-1,GCGTTTCGTGACAGGT-1,2
GCGTTTCGTTCGAAGG-1,GCGTTTCGTTCGAAGG-1,5
GCGTTTCTCATTTGGG-1,GCGTTTCTCATTTGGG-1,4
GCGTTTCTCCCAAGCG-1,GCGTTTCTCCCAAGCG-1,5
GCGTTTCTCCCGTTGT-1,GCGTTTCTCCCGTTGT-1,3
GCGTTTCTCTAGTCAG-1,GCGTTTCTCTAGTCAG-1,2
GCGTTTCTCTGCCCTA-1,GCGTTTCTCTGCCCTA-1,2
GGTAACTAGATGCTTC-1,GGTAACTAGATGCTTC-1,1
GGTAACTAGCCTCTGG-1,GGTAACTAGCCTCTGG-1,1
GGTAACTAGCTTAAGA-1,GGTAACTAGCTTAAGA-1,3
GGTAACTAGGGCGAAG-1,GGTAACTAGGGCGAAG-1,5
GGTAACTAGTGCGTCC-1,GGTAACTAGTGCGTCC-1,3
GGTAACTCACAAATCC-1,GGTAACTCACAAATCC-1,1
GGTAACTCAGACCTAT-1,GGTAACTCAGACCTAT-1,3
GGTAACTCATCTCCCA-1,GGTAACTCATCTCCCA-1,2
GGTAACTGTCACGCTG-1,GGTAACTGTCACGCTG-1,2
GGTAACTGTGACAGGT-1,GGTAACTGTGACAGGT-1,5
GGTAACTGTTACACAC-1,GGTAACTGTTACACAC-1,1
GGTAACTGTTGGACCC-1,GGTAACTGTTGGACCC-1,1
GGTAACTTCCAATCCC-1,GGTAACTTCCAATCCC-1,2
GGTAATCAGACGTCGA-1,GGTAATCAGACGTCGA-1,3
GGTAATCAGATGCTTC-1,GGTAATCAGATGCTTC-1,3
GGTAATCAGCTCTGTA-1,GGTAATCAGCTCTGTA-1,3
GGTAATCAGTCATCCA-1,GGTAATCAGTCATCCA-1,1
GGTAATCAGTGCGTCC-1,GGTAATCAGTGCGTCC-1,2
GGTAATCCAAGTAGTA-1,GGTAATCCAAGTAGTA-1,3
GGTAATCCACTTCAGA-1,GGTAATCCACTTCAGA-1,4
GGTAATCGTATGAGCG-1,GGTAATCGTATGAGCG-1,1
GGTAATCGTCAAGCCC-1,GGTAATCGTCAAGCCC-1,3
GGTAATCGTTCCGTTC-1,GGTAATCGTTCCGTTC-1,4
GGTAATCGTTCGGCTG-1,GGTAATCGTTCGGCTG-1,1
GGTAATCTCGTTCCTG-1,GGTAATCTCGTTCCTG-1,2
GGTAATCTCTGTGCGG-1,GGTAATCTCTGTGCGG-1,2
GTCAAGTAGATCACCT-1,GTCAAGTAGATCACCT-1,1
GTCAAGTAGATCGCCC-1,GTCAAGTAGATCGCCC-1,4
GTCAAGTAGATGCTTC-1,GTCAAGTAGATGCTTC-1,2
GTCAAGTAGCACCTGC-1,GTCAAGTAGCACCTGC-1,5
GTCAAGTAGCAGCCCT-1,GTCAAGTAGCAGCCCT-1,1
GTCAAGTAGCTCTGTA-1,GTCAAGTAGCTCTGTA-1,2
GTCAAGTCAAACCATC-1,GTCAAGTCAAACCATC-1,2
GTCAAGTCAAGAGAGA-1,GTCAAGTCAAGAGAGA-1,1
GTCAAGTCACACCGCA-1,GTCAAGTCACACCGCA-1,1
GTCAAGTCACATATGC-1,GTCAAGTCACATATGC-1,4
GTCAAGTCACCGTGAC-1,GTCAAGTCACCGTGAC-1,5
GTCAAGTGTAGCGTAG-1,GTCAAGTGTAGCGTAG-1,1
GTCAAGTGTGCGGTAA-1,GTCAAGTGTGCGGTAA-1,1
GTCAAGTGTTAGGAGC-1,GTCAAGTGTTAGGAGC-1,1
GTCAAGTGTTCCGTTC-1,GTCAAGTGTTCCGTTC-1,3
GTCAAGTTCAAGAAAC-1,GTCAAGTTCAAGAAAC-1,1
GTCAAGTTCATGCCCT-1,GTCAAGTTCATGCCCT-1,1
GTCAAGTTCTCCAATT-1,GTCAAGTTCTCCAATT-1,3
GTGAGCCAGATACCAA-1,GTGAGCCAGATACCAA-1,4
GTGAGCCAGATCACCT-1,GTGAGCCAGATCACCT-1,3
GTGAGCCAGCCTCTGG-1,GTGAGCCAGCCTCTGG-1,2
GTGAGCCAGCTTAAGA-1,GTGAGCCAGCTTAAGA-1,2
GTGAGCCAGGCGTTAG-1,GTGAGCCAGGCGTTAG-1,1
GTGAGCCAGTAATTGG-1,GTGAGCCAGTAATTGG-1,2
GTGAGCCAGTAGGAAG-1,GTGAGCCAGTAGGAAG-1,5
GTGAGCCCAAGAGTAT-1,GTGAGCCCAAGAGTAT-1,5
GTGAGCCCACATGAAA-1,GTGAGCCCACATGAAA-1,1
GTGAGCCGTATACCTG-1,GTGAGCCGTATACCTG-1,2
GTGAGCCGTATAGGAT-1,GTGAGCCGTATAGGAT-1,1
GTGAGCCGTCTAGGTT-1,GTGAGCCGTCTAGGTT-1,1
GTGAGCCGTCTTCATT-1,GTGAGCCGTCTTCATT-1,1
GTGAGCCGTTAAGACA-1,GTGAGCCGTTAAGACA-1,2
GTGAGCCGTTAAGTCC-1,GTGAGCCGTTAAGTCC-1,1
GTGAGCCGTTACACAC-1,GTGAGCCGTTACACAC-1,3
GTGAGCCGTTGGAGGT-1,GTGAGCCGTTGGAGGT-1,1
GTGAGCCGTTGGGATG-1,GTGAGCCGTTGGGATG-1,5
GTGAGCCTCATTTGGG-1,GTGAGCCTCATTTGGG-1,3
GTGAGCCTCCCAACTC-1,GTGAGCCTCCCAACTC-1,4
GTGAGCCTCCCAAGCG-1,GTGAGCCTCCCAAGCG-1,4
GTGAGCCTCCTGCTAC-1,GTGAGCCTCCTGCTAC-1,2
GTGAGCCTCGTCGGGT-1,GTGAGCCTCGTCGGGT-1,4
GTGAGCCTCTGAATCG-1,GTGAGCCTCTGAATCG-1,5
GTGGAGAAGAGAGCGG-1,GTGGAGAAGAGAGCGG-1,4
GTGGAGAAGATCACCT-1,GTGGAGAAGATCACCT-1,3
GTGGAGAAGCACCTGC-1,GTGGAGAAGCACCTGC-1,1
GTGGAGAAGCATTGAA-1,GTGGAGAAGCATTGAA-1,2
GTGGAGAAGGCTCAAG-1,GTGGAGAAGGCTCAAG-1,1
GTGGAGAAGGTTACAA-1,GTGGAGAAGGTTACAA-1,2
GTGGAGAAGTAGGAAG-1,GTGGAGAAGTAGGAAG-1,4
GTGGAGAAGTGGCCTC-1,GTGGAGAAGTGGCCTC-1,5
GTGGAGACAAGTCGTT-1,GTGGAGACAAGTCGTT-1,1
GTGGAGACACATATGC-1,GTGGAGACACATATGC-1,2
GTGGAGACATCTCCCA-1,GTGGAGACATCTCCCA-1,2
GTGGAGACATGAATAG-1,GTGGAGACATGAATAG-1,2
GTGGAGAGTAGAATGT-1,GTGGAGAGTAGAATGT-1,2
GTGGAGAGTAGTGTGG-1,GTGGAGAGTAGTGTGG-1,1
GTGGAGAGTATGCGTT-1,GTGGAGAGTATGCGTT-1,4
GTGGAGAGTGACAGGT-1,GTGGAGAGTGACAGGT-1,2
GTGGAGAGTGATTGGG-1,GTGGAGAGTGATTGGG-1,1
GTGGAGATCCACGTAA-1,GTGGAGATCCACGTAA-1,2
GTGGAGATCCGCACGA-1,GTGGAGATCCGCACGA-1,1
GTGGAGATCCGGACGT-1,GTGGAGATCCGGACGT-1,5
GTGGAGATCTTAGCCC-1,GTGGAGATCTTAGCCC-1,1
GTGTGGCAGCCTCTTC-1,GTGTGGCAGCCTCTTC-1,4
GTGTGGCAGCTCACTA-1,GTGTGGCAGCTCACTA-1,1
GTGTGGCAGGAACTCG-1,GTGTGGCAGGAACTCG-1,2
GTGTGGCAGGTCTACT-1,GTGTGGCAGGTCTACT-1,3
GTGTGGCAGTAATTGG-1,GTGTGGCAGTAATTGG-1,1
GTGTGGCAGTGCGTCC-1,GTGTGGCAGTGCGTCC-1,5
GTGTGGCAGTGTTGAA-1,GTGTGGCAGTGTTGAA-1,1
GTGTGGCCAAGCCATT-1,GTGTGGCCAAGCCATT-1,3
GTGTGGCCACAGAGAC-1,GTGTGGCCACAGAGAC-1,1
GTGTGGCCACATGAAA-1,GTGTGGCCACATGAAA-1,1
GTGTGGCCACTAAACC-1,GTGTGGCCACTAAACC-1,2
GTGTGGCCACTTCAGA-1,GTGTGGCCACTTCAGA-1,1
GTGTGGCCAGTTTCGA-1,GTGTGGCCAGTTTCGA-1,2
GTGTGGCCATGGCTAT-1,GTGTGGCCATGGCTAT-1,4
GTGTGGCGTAACTTCG-1,GTGTGGCGTAACTTCG-1,2
GTGTGGCGTATACCTG-1,GTGTGGCGTATACCTG-1,5
GTGTGGCGTATAGGAT-1,GTGTGGCGTATAGGAT-1,2
GTGTGGCGTCGAATGG-1,GTGTGGCGTCGAATGG-1,1
GTGTGGCGTGTCTAAC-1,GTGTGGCGTGTCTAAC-1,4
GTGTGGCGTTAGGAGC-1,GTGTGGCGTTAGGAGC-1,1
GTGTGGCTCGCCACTT-1,GTGTGGCTCGCCACTT-1,1
GTGTGGCTCGCCCAGA-1,GTGTGGCTCGCCCAGA-1,4
GTGTGGCTCGCGGTAC-1,GTGTGGCTCGCGGTAC-1,1
TAACACGAGACCATTC-1,TAACACGAGACCATTC-1,3
TAACACGAGAGAGCGG-1,TAACACGAGAGAGCGG-1,3
TAACACGAGCACTCTA-1,TAACACGAGCACTCTA-1,4
TAACACGAGGCCTAGA-1,TAACACGAGGCCTAGA-1,3
TAACACGCAACGCATT-1,TAACACGCAACGCATT-1,3
TAACACGCAAGAGTAT-1,TAACACGCAAGAGTAT-1,5
TAACACGCAATAGTAG-1,TAACACGCAATAGTAG-1,1
TAACACGCACTACACA-1,TAACACGCACTACACA-1,3
TAACACGCAGCTGCCA-1,TAACACGCAGCTGCCA-1,3
TAACACGCAGGTTCAT-1,TAACACGCAGGTTCAT-1,1
TAACACGCATTATGCG-1,TAACACGCATTATGCG-1,1
TAACACGGTCAAGCCC-1,TAACACGGTCAAGCCC-1,3
TAACACGGTGATTGGG-1,TAACACGGTGATTGGG-1,4
TAACACGGTGCCTTCT-1,TAACACGGTGCCTTCT-1,3
TAACACGGTTCGGCTG-1,TAACACGGTTCGGCTG-1,2
TAACACGTCACAAGAA-1,TAACACGTCACAAGAA-1,3
TAACACGTCAGGGATG-1,TAACACGTCAGGGATG-1,4
TAACACGTCTGAATCG-1,TAACACGTCTGAATCG-1,1
TAGGAGGAGACGTCCC-1,TAGGAGGAGACGTCCC-1,3
TAGGAGGAGCACCTGC-1,TAGGAGGAGCACCTGC-1,2
TAGGAGGAGGGCGAAG-1,TAGGAGGAGGGCGAAG-1,2
TAGGAGGAGTAGGAAG-1,TAGGAGGAGTAGGAAG-1,4
TAGGAGGAGTATAACG-1,TAGGAGGAGTATAACG-1,3
TAGGAGGAGTCATCCA-1,TAGGAGGAGTCATCCA-1,3
TAGGAGGCAACCAATC-1,TAGGAGGCAACCAATC-1,3
TAGGAGGCAACGCATT-1,TAGGAGGCAACGCATT-1,3
TAGGAGGCAAGTCGTT-1,TAGGAGGCAAGTCGTT-1,1
TAGGAGGCAATAGTAG-1,TAGGAGGCAATAGTAG-1,4
TAGGAGGCACTACGGC-1,TAGGAGGCACTACGGC-1,4
TAGGAGGCATGGCTAT-1,TAGGAGGCATGGCTAT-1,2
TAGGAGGGTAACGCGA-1,TAGGAGGGTAACGCGA-1,1
TAGGAGGGTACTGAGG-1,TAGGAGGGTACTGAGG-1,1
TAGGAGGGTATAGGAT-1,TAGGAGGGTATAGGAT-1,1
TAGGAGGGTTAAGCAA-1,TAGGAGGGTTAAGCAA-1,5
TAGGAGGGTTAAGTCC-1,TAGGAGGGTTAAGTCC-1,4
TAGGAGGGTTACACAC-1,TAGGAGGGTTACACAC-1,1
TAGGAGGGTTCCACGG-1,TAGGAGGGTTCCACGG-1,1
TAGGAGGTCAAAGGTA-1,TAGGAGGTCAAAGGTA-1,1
TAGGAGGTCAAGAAAC-1,TAGGAGGTCAAGAAAC-1,2
TAGGAGGTCACAAGAA-1,TAGGAGGTCACAAGAA-1,2
TAGGAGGTCCCAAGCG-1,TAGGAGGTCCCAAGCG-1,2
TAGGAGGTCTGAATCG-1,TAGGAGGTCTGAATCG-1,2
TATTGCTAGATACCAA-1,TATTGCTAGATACCAA-1,4
TATTGCTAGATCACCT-1,TATTGCTAGATCACCT-1,3
TATTGCTAGATGCTTC-1,TATTGCTAGATGCTTC-1,2
TATTGCTAGCCTCTGG-1,TATTGCTAGCCTCTGG-1,1
TATTGCTAGGCGTTAG-1,TATTGCTAGGCGTTAG-1,3
TATTGCTAGGGAGGTG-1,TATTGCTAGGGAGGTG-1,1
TATTGCTAGGGCGAAG-1,TATTGCTAGGGCGAAG-1,2
TATTGCTAGTGTGTTC-1,TATTGCTAGTGTGTTC-1,1
TATTGCTCAAGAGAGA-1,TATTGCTCAAGAGAGA-1,1
TATTGCTCAATCTCGA-1,TATTGCTCAATCTCGA-1,1
TATTGCTCAATCTGCA-1,TATTGCTCAATCTGCA-1,5
TATTGCTCACCCTCTA-1,TATTGCTCACCCTCTA-1,3
TATTGCTCACTACCGG-1,TATTGCTCACTACCGG-1,4
TATTGCTCAGCTGCCA-1,TATTGCTCAGCTGCCA-1,1
TATTGCTGTAACTTCG-1,TATTGCTGTAACTTCG-1,1
TATTGCTGTAGCGTAG-1,TATTGCTGTAGCGTAG-1,3
TATTGCTTCAGGGATG-1,TATTGCTTCAGGGATG-1,1
TATTGCTTCCCGTTGT-1,TATTGCTTCCCGTTGT-1,2
TATTGCTTCGAACGCC-1,TATTGCTTCGAACGCC-1,1
TATTGCTTCGACGCGT-1,TATTGCTTCGACGCGT-1,3
TATTGCTTCTCACTCG-1,TATTGCTTCTCACTCG-1,4
TCACGCTAGACCATTC-1,TCACGCTAGACCATTC-1,5
TCACGCTAGCTTGTTG-1,TCACGCTAGCTTGTTG-1,4
TCACGCTAGGTTACAA-1,TCACGCTAGGTTACAA-1,4
TCACGCTAGTAATTGG-1,TCACGCTAGTAATTGG-1,2
TCACGCTAGTCTTGGT-1,TCACGCTAGTCTTGGT-1,4
TCACGCTCAAGAGTAT-1,TCACGCTCAAGAGTAT-1,3
TCACGCTCAAGCCATT-1,TCACGCTCAAGCCATT-1,5
TCACGCTCAATCTGCA-1,TCACGCTCAATCTGCA-1,1
TCACGCTCACGCGCAT-1,TCACGCTCACGCGCAT-1,4
TCACGCTCAGACCTAT-1,TCACGCTCAGACCTAT-1,2
TCACGCTGTAATGCTC-1,TCACGCTGTAATGCTC-1,4
TCACGCTGTAGAATGT-1,TCACGCTGTAGAATGT-1,4
TCACGCTGTCAAGCCC-1,TCACGCTGTCAAGCCC-1,1
TCACGCTGTCACGCTG-1,TCACGCTGTCACGCTG-1,5
TCACGCTGTTCGGCTG-1,TCACGCTGTTCGGCTG-1,2
TCACGCTGTTTGATCG-1,TCACGCTGTTTGATCG-1,1
TCACGCTTCCACGTAA-1,TCACGCTTCCACGTAA-1,1
TCACGCTTCGAACGCC-1,TCACGCTTCGAACGCC-1,1
TCACGCTTCTTCCTAA-1,TCACGCTTCTTCCTAA-1,1
TCCAGAAAGACCAGAC-1,TCCAGAAAGACCAGAC-1,5
TCCAGAAAGGGAGGTG-1,TCCAGAAAGGGAGGTG-1,3
TCCAGAAAGGTTGGAC-1,TCCAGAAAGGTTGGAC-1,1
TCCAGAAAGTAGTCTC-1,TCCAGAAAGTAGTCTC-1,5
TCCAGAAAGTGGCCTC-1,TCCAGAAAGTGGCCTC-1,3
TCCAGAAGTATACCTG-1,TCCAGAAGTATACCTG-1,4
TCCAGAAGTCACGCTG-1,TCCAGAAGTCACGCTG-1,3
TCCAGAAGTCACTCGG-1,TCCAGAAGTCACTCGG-1,4
TCCAGAAGTCTAGGTT-1,TCCAGAAGTCTAGGTT-1,2
TCCAGAAGTTAAGTCC-1,TCCAGAAGTTAAGTCC-1,2
TCCAGAATCATGCCCT-1,TCCAGAATCATGCCCT-1,4
TCCAGAATCCCAAGCG-1,TCCAGAATCCCAAGCG-1,1
TCCAGAATCGTAGAGG-1,TCCAGAATCGTAGAGG-1,3
TCGAAGTAGCAATTAG-1,TCGAAGTAGCAATTAG-1,5
TCGAAGTAGCCTCTGG-1,TCGAAGTAGCCTCTGG-1,5
TCGAAGTAGGGAGGTG-1,TCGAAGTAGGGAGGTG-1,4
TCGAAGTCAAGAGTAT-1,TCGAAGTCAAGAGTAT-1,2
TCGAAGTCAATCTCGA-1,TCGAAGTCAATCTCGA-1,1
TCGAAGTCACTACCGG-1,TCGAAGTCACTACCGG-1,2
TCGAAGTCATCTCCCA-1,TCGAAGTCATCTCCCA-1,2
TCGAAGTCATTATGCG-1,TCGAAGTCATTATGCG-1,2
TCGAAGTGTCGTGCCA-1,TCGAAGTGTCGTGCCA-1,1
TCGAAGTGTTAAGTCC-1,TCGAAGTGTTAAGTCC-1,5
TCGAAGTTCATGCCCT-1,TCGAAGTTCATGCCCT-1,3
TCGAAGTTCCATTGCC-1,TCGAAGTTCCATTGCC-1,4
TCGAAGTTCCCAAGCG-1,TCGAAGTTCCCAAGCG-1,2
TCGAAGTTCCTGCTAC-1,TCGAAGTTCCTGCTAC-1,2
TCGAAGTTCTCACTCG-1,TCGAAGTTCTCACTCG-1,2
TCGCTCAAGACGTCCC-1,TCGCTCAAGACGTCCC-1,3
TCGCTCAAGATACCAA-1,TCGCTCAAGATACCAA-1,3
TCGCTCAAGGATCACG-1,TCGCTCAAGGATCACG-1,1
TCGCTCAAGGTTACAA-1,TCGCTCAAGGTTACAA-1,1
TCGCTCAAGTGTTGAA-1,TCGCTCAAGTGTTGAA-1,2
TCGCTCACAATCTCGA-1,TCGCTCACAATCTCGA-1,4
TCGCTCACACAAATCC-1,TCGCTCACACAAATCC-1,2
TCGCTCACACACCGCA-1,TCGCTCACACACCGCA-1,2
TCGCTCACACCCTCTA-1,TCGCTCACACCCTCTA-1,3
TCGCTCACAGTTTCGA-1,TCGCTCACAGTTTCGA-1,1
TCGCTCAGTAGTGTGG-1,TCGCTCAGTAGTGTGG-1,1
TCGCTCAGTGCACAAG-1,TCGCTCAGTGCACAAG-1,2
TCGCTCAGTTAAGCAA-1,TCGCTCAGTTAAGCAA-1,2
TCGCTCATCCTACAAG-1,TCGCTCATCCTACAAG-1,5
TCGCTCATCCTTCACG-1,TCGCTCATCCTTCACG-1,3
TGCTCGTAGCACCTGC-1,TGCTCGTAGCACCTGC-1,3
TGCTCGTAGCATTGAA-1,TGCTCGTAGCATTGAA-1,1
TGCTCGTAGCCTCTTC-1,TGCTCGTAGCCTCTTC-1,1
TGCTCGTAGGCCTAGA-1,TGCTCGTAGGCCTAGA-1,1
TGCTCGTAGTAGGAAG-1,TGCTCGTAGTAGGAAG-1,1
TGCTCGTAGTATAACG-1,TGCTCGTAGTATAACG-1,1
TGCTCGTAGTGGCCTC-1,TGCTCGTAGTGGCCTC-1,1
TGCTCGTCAACGCATT-1,TGCTCGTCAACGCATT-1,5
TGCTCGTCAAGTCGTT-1,TGCTCGTCAAGTCGTT-1,3
TGCTCGTCACCGTGAC-1,TGCTCGTCACCGTGAC-1,2
TGCTCGTCATGAATAG-1,TGCTCGTCATGAATAG-1,2
TGCTCGTGTACTGAGG-1,TGCTCGTGTACTGAGG-1,3
TGCTCGTGTCAAGCCC-1,TGCTCGTGTCAAGCCC-1,1
TGCTCGTGTCTAGGTT-1,TGCTCGTGTCTAGGTT-1,2
TGCTCGTGTTCCACGG-1,TGCTCGTGTTCCACGG-1,2
TGCTCGTGTTGGGATG-1,TGCTCGTGTTGGGATG-1,1
TGCTCGTTCATGCCCT-1,TGCTCGTTCATGCCCT-1,1
TGCTCGTTCCGAGAAG-1,TGCTCGTTCCGAGAAG-1,4
TGCTCGTTCGTCGGGT-1,TGCTCGTTCGTCGGGT-1,2
TGCTCGTTCGTTTACT-1,TGCTCGTTCGTTTACT-1,3
TGGTACAAGACGTCGA-1,TGGTACAAGACGTCGA-1,2
TGGTACAAGCACTCTA-1,TGGTACAAGCACTCTA-1,2
TGGTACAAGCAGCCCT-1,TGGTACAAGCAGCCCT-1,1
TGGTACAAGGTCTACT-1,TGGTACAAGGTCTACT-1,4
TGGTACACAAGTCGTT-1,TGGTACACAAGTCGTT-1,1
TGGTACACAATCAAGA-1,TGGTACACAATCAAGA-1,4
TGGTACACATGGCTAT-1,TGGTACACATGGCTAT-1,2
TGGTACACATGTTCGA-1,TGGTACACATGTTCGA-1,1
TGGTACAGTAACTTCG-1,TGGTACAGTAACTTCG-1,3
TGGTACAGTCGTGCCA-1,TGGTACAGTCGTGCCA-1,5
TGGTACAGTTAAGTCC-1,TGGTACAGTTAAGTCC-1,2
TGGTACATCACAAGAA-1,TGGTACATCACAAGAA-1,4
TGGTACATCCTGCTAC-1,TGGTACATCCTGCTAC-1,1
TGGTACATCCTTCACG-1,TGGTACATCCTTCACG-1,3
TGGTACATCGCGGTAC-1,TGGTACATCGCGGTAC-1,2
TGGTACATCGTAGAGG-1,TGGTACATCGTAGAGG-1,2
TGGTACATCTGTGCGG-1,TGGTACATCTGTGCGG-1,4
TGGTACATCTTAGCCC-1,TGGTACATCTTAGCCC-1,3
TGTCCTGAGACCAGAC-1,TGTCCTGAGACCAGAC-1,2
TGTCCTGAGATCACCT-1,TGTCCTGAGATCACCT-1,5
TGTCCTGAGCAGCCCT-1,TGTCCTGAGCAGCCCT-1,3
TGTCCTGAGCTCACTA-1,TGTCCTGAGCTCACTA-1,2
TGTCCTGAGGATCACG-1,TGTCCTGAGGATCACG-1,2
TGTCCTGAGTCCCAAT-1,TGTCCTGAGTCCCAAT-1,1
TGTCCTGCAAGAGTAT-1,TGTCCTGCAAGAGTAT-1,4
TGTCCTGCAATCAAGA-1,TGTCCTGCAATCAAGA-1,1
TGTCCTGCAGCAGTGA-1,TGTCCTGCAGCAGTGA-1,2
TGTCCTGCAGGTTCAT-1,TGTCCTGCAGGTTCAT-1,2
TGTCCTGCATCAGTGT-1,TGTCCTGCATCAGTGT-1,2
TGTCCTGCATCCTATT-1,TGTCCTGCATCCTATT-1,4
TGTCCTGCATGAAGGC-1,TGTCCTGCATGAAGGC-1,1
TGTCCTGGTAACTTCG-1,TGTCCTGGTAACTTCG-1,2
TGTCCTGGTAGAATGT-1,TGTCCTGGTAGAATGT-1,1
TGTCCTGGTAGCGTAG-1,TGTCCTGGTAGCGTAG-1,5
TGTCCTGGTATAGGAT-1,TGTCCTGGTATAGGAT-1,5
TGTCCTGGTCACTCGG-1,TGTCCTGGTCACTCGG-1,1
TGTCCTGGTCCACACG-1,TGTCCTGGTCCACACG-1,4
TGTCCTGGTGACAGGT-1,TGTCCTGGTGACAGGT-1,2
TGTCCTGGTGCCTTCT-1,TGTCCTGGTGCCTTCT-1,4
TGTCCTGGTTACACAC-1,TGTCCTGGTTACACAC-1,3
TGTCCTGTCCTGCTAC-1,TGTCCTGTCCTGCTAC-1,3
TGTCCTGTCCTTATCA-1,TGTCCTGTCCTTATCA-1,4
TGTCCTGTCGCCTTGT-1,TGTCCTGTCGCCTTGT-1,2
TGTCCTGTCGTCGGGT-1,TGTCCTGTCGTCGGGT-1,2
TGTCCTGTCTCGAGTA-1,TGTCCTGTCTCGAGTA-1,1
TGTGATGAGACCATTC-1,TGTGATGAGACCATTC-1,4
TGTGATGAGACGTCCC-1,TGTGATGAGACGTCCC-1,4
TGTGATGAGACGTCGA-1,TGTGATGAGACGTCGA-1,2
TGTGATGAGATCACCT-1,TGTGATGAGATCACCT-1,2
TGTGATGAGCACCTGC-1,TGTGATGAGCACCTGC-1,3
TGTGATGAGCCTCTTC-1,TGTGATGAGCCTCTTC-1,1
TGTGATGAGCGACATG-1,TGTGATGAGCGACATG-1,1
TGTGATGAGTAGTCTC-1,TGTGATGAGTAGTCTC-1,1
TGTGATGAGTATAACG-1,TGTGATGAGTATAACG-1,1
TGTGATGAGTCATCCA-1,TGTGATGAGTCATCCA-1,1
TGTGATGAGTCCCAAT-1,TGTGATGAGTCCCAAT-1,2
TGTGATGCAAGCCATT-1,TGTGATGCAAGCCATT-1,3
TGTGATGCAATCTCGA-1,TGTGATGCAATCTCGA-1,1
TGTGATGCAATCTGCA-1,TGTGATGCAATCTGCA-1,3
TGTGATGCACTTCAGA-1,TGTGATGCACTTCAGA-1,2
TGTGATGCAGACCTAT-1,TGTGATGCAGACCTAT-1,2
TGTGATGGTAACTTCG-1,TGTGATGGTAACTTCG-1,1
TGTGATGGTAGAATGT-1,TGTGATGGTAGAATGT-1,3
TGTGATGGTGCACAAG-1,TGTGATGGTGCACAAG-1,2
TGTGATGGTTGGACCC-1,TGTGATGGTTGGACCC-1,2
TGTGATGTCATCGCTC-1,TGTGATGTCATCGCTC-1,5
TGTGATGTCCCGTTGT-1,TGTGATGTCCCGTTGT-1,1
TGTGATGTCCGCTTAC-1,TGTGATGTCCGCTTAC-1,4
TGTGATGTCCTACAAG-1,TGTGATGTCCTACAAG-1,1
TGTGATGTCGCGGTAC-1,TGTGATGTCGCGGTAC-1,5
TTACAGGAGCTTGTTG-1,TTACAGGAGCTTGTTG-1,1
TTACAGGAGTGTTGAA-1,TTACAGGAGTGTTGAA-1,1
TTACAGGCAAGTCGTT-1,TTACAGGCAAGTCGTT-1,2
TTACAGGCACCGTGAC-1,TTACAGGCACCGTGAC-1,2
TTACAGGCACGCGCAT-1,TTACAGGCACGCGCAT-1,4
TTACAGGCACTACGGC-1,TTACAGGCACTACGGC-1,4
TTACAGGCACTATGTG-1,TTACAGGCACTATGTG-1,1
TTACAGGCAGCTGCCA-1,TTACAGGCAGCTGCCA-1,5
TTACAGGCATGAAGCG-1,TTACAGGCATGAAGCG-1,3
TTACAGGGTCTAGGTT-1,TTACAGGGTCTAGGTT-1,4
TTACAGGGTGCCTTCT-1,TTACAGGGTGCCTTCT-1,1
TTACAGGGTTGGACCC-1,TTACAGGGTTGGACCC-1,1
TTACAGGTCACAAGAA-1,TTACAGGTCACAAGAA-1,4
TTACAGGTCCAATCCC-1,TTACAGGTCCAATCCC-1,2
TTACAGGTCGTAGAGG-1,TTACAGGTCGTAGAGG-1,5
TTACAGGTCGTTTACT-1,TTACAGGTCGTTTACT-1,2
TTCGATTAGCCTCTGG-1,TTCGATTAGCCTCTGG-1,2
TTCGATTAGGCGTTAG-1,TTCGATTAGGCGTTAG-1,4
TTCGATTAGGTTGCCC-1,TTCGATTAGGTTGCCC-1,5
TTCGATTAGTATAACG-1,TTCGATTAGTATAACG-1,1
TTCGATTCAATCTGCA-1,TTCGATTCAATCTGCA-1,3
TTCGATTCATTATGCG-1,TTCGATTCATTATGCG-1,2
TTCGATTGTAACGCGA-1,TTCGATTGTAACGCGA-1,2
TTCGATTGTGACGCCT-1,TTCGATTGTGACGCCT-1,5
TTCGATTGTGCGGTAA-1,TTCGATTGTGCGGTAA-1,2
TTCGATTGTGTCTAAC-1,TTCGATTGTGTCTAAC-1,5
TTCGATTGTTAAGACA-1,TTCGATTGTTAAGACA-1,1
TTCGATTGTTAAGCAA-1,TTCGATTGTTAAGCAA-1,3
TTCGATTGTTCGGCTG-1,TTCGATTGTTCGGCTG-1,4
TTCGATTTCACAAGAA-1,TTCGATTTCACAAGAA-1,3
TTCGATTTCCAATCCC-1,TTCGATTTCCAATCCC-1,1
TTCGATTTCGAACGCC-1,TTCGATTTCGAACGCC-1,1
TTGTTTGAGAAATTGC-1,TTGTTTGAGAAATTGC-1,2
TTGTTTGAGACCAGAC-1,TTGTTTGAGACCAGAC-1,3
TTGTTTGAGACCATTC-1,TTGTTTGAGACCATTC-1,2
TTGTTTGAGACGTCCC-1,TTGTTTGAGACGTCCC-1,4
TTGTTTGAGATCGCCC-1,TTGTTTGAGATCGCCC-1,5
TTGTTTGAGCAATTAG-1,TTGTTTGAGCAATTAG-1,4
TTGTTTGAGGCCTAGA-1,TTGTTTGAGGCCTAGA-1,3
TTGTTTGCAAGTCGTT-1,TTGTTTGCAAGTCGTT-1,5
TTGTTTGCACCCTCTA-1,TTGTTTGCACCCTCTA-1,5
TTGTTTGCACTATGTG-1,TTGTTTGCACTATGTG-1,3
TTGTTTGCACTTCAGA-1,TTGTTTGCACTTCAGA-1,4
TTGTTTGCAGCTACTA-1,TTGTTTGCAGCTACTA-1,5
TTGTTTGCATATCTGG-1,TTGTTTGCATATCTGG-1,2
TTGTTTGCATCCTATT-1,TTGTTTGCATCCTATT-1,4
TTGTTTGGTACGGGAT-1,TTGTTTGGTACGGGAT-1,1
TTGTTTGGTATACCTG-1,TTGTTTGGTATACCTG-1,3
TTGTTTGGTCACGCTG-1,TTGTTTGGTCACGCTG-1,4
TTGTTTGGTTTGATCG-1,TTGTTTGGTTTGATCG-1,1
TTGTTTGTCAAAGGTA-1,TTGTTTGTCAAAGGTA-1,1
TTGTTTGTCCCGTTGT-1,TTGTTTGTCCCGTTGT-1,1
TTGTTTGTCCGCTTAC-1,TTGTTTGTCCGCTTAC-1,5
TTGTTTGTCTAGTCAG-1,TTGTTTGTCTAGTCAG-1,1
TTGTTTGTCTCCGAGG-1,TTGTTTGTCTCCGAGG-1,4
TTTCATGAGACCATTC-1,TTTCATGAGACCATTC-1,1
TTTCATGAGCTCACTA-1,TTTCATGAGCTCACTA-1,1
TTTCATGAGGAACTCG-1,TTTCATGAGGAACTCG-1,2
TTTCATGAGGTTGCCC-1,TTTCATGAGGTTGCCC-1,2
TTTCATGCAATAGTAG-1,TTTCATGCAATAGTAG-1,2
TTTCATGCACAAATCC-1,TTTCATGCACAAATCC-1,2
TTTCATGCACAGAGAC-1,TTTCATGCACAGAGAC-1,2
TTTCATGGTATGAGCG-1,TTTCATGGTATGAGCG-1,5
TTTCATGGTCTTCATT-1,TTTCATGGTCTTCATT-1,1
TTTCATGGTGCACAAG-1,TTTCATGGTGCACAAG-1,4
TTTCATGGTGCCTTCT-1,TTTCATGGTGCCTTCT-1,2
TTTCATGGTTAAGACA-1,TTTCATGGTTAAGACA-1,4
TTTCATGGTTGGGATG-1,TTTCATGGTTGGGATG-1,5
TTTCATGGTTTGATCG-1,TTTCATGGTTTGATCG-1,2
TTTCATGTCCACGTAA-1,TTTCATGTCCACGTAA-1,4
TTTCATGTCTCATAGG-1,TTTCATGTCTCATAGG-1,4
TTTCATGTCTCTAGGA-1,TTTCATGTCTCTAGGA-1,2
TTTCGATAGCAATTAG-1,TTTCGATAGCAATTAG-1,5
TTTCGATAGCAGCCCT-1,TTTCGATAGCAGCCCT-1,2
TTTCGATAGGCTCAAG-1,TTTCGATAGGCTCAAG-1,5
TTTCGATAGGTCTACT-1,TTTCGATAGGTCTACT-1,2
TTTCGATAGGTTACAA-1,TTTCGATAGGTTACAA-1,2
TTTCGATAGTATAACG-1,TTTCGATAGTATAACG-1,2
TTTCGATAGTCATCCA-1,TTTCGATAGTCATCCA-1,1
TTTCGATAGTGGCCTC-1,TTTCGATAGTGGCCTC-1,2
TTTCGATCAACGCATT-1,TTTCGATCAACGCATT-1,3
TTTCGATCAATTAGGA-1,TTTCGATCAATTAGGA-1,2
TTTCGATCACCAGCGT-1,TTTCGATCACCAGCGT-1,2
TTTCGATCAGGTTCAT-1,TTTCGATCAGGTTCAT-1,2
TTTCGATCATCAGTGT-1,TTTCGATCATCAGTGT-1,1
TTTCGATGTATGAGCG-1,TTTCGATGTATGAGCG-1,5
TTTCGATGTCCCGTGA-1,TTTCGATGTCCCGTGA-1,3
TTTCGATGTTAAGCAA-1,TTTCGATGTTAAGCAA-1,1
TTTCGATGTTCCGTTC-1,TTTCGATGTTCCGTTC-1,2
TTTCGATTCCCGTTGT-1,TTTCGATTCCCGTTGT-1,1
TTTCGATTCCGAGAAG-1,TTTCGATTCCGAGAAG-1,2
TTTCGATTCCTGCTAC-1,TTTCGATTCCTGCTAC-1,5
TTTCGATTCTCTAGGA-1,TTTCGATTCTCTAGGA-1,2
TTTCGATTCTGTGCGG-1,TTTCGATTCTGTGCGG-1,1
TTTGTTGAGACGTCCC-1,TTTGTTGAGACGTCCC-1,1
TTTGTTGAGATCACCT-1,TTTGTTGAGATCACCT-1,3
TTTGTTGAGCACCTGC-1,TTTGTTGAGCACCTGC-1,2
TTTGTTGAGCTCACTA-1,TTTGTTGAGCTCACTA-1,2
TTTGTTGAGGGAGGTG-1,TTTGTTGAGGGAGGTG-1,2
TTTGTTGAGTGGCCTC-1,TTTGTTGAGTGGCCTC-1,1
TTTGTTGCAAGAGAGA-1,TTTGTTGCAAGAGAGA-1,1
TTTGTTGCAAGTAGTA-1,TTTGTTGCAAGTAGTA-1,3
TTTGTTGCAGCTGCCA-1,TTTGTTGCAGCTGCCA-1,3
TTTGTTGCAGGTTCAT-1,TTTGTTGCAGGTTCAT-1,2
TTTGTTGGTAACGCGA-1,TTTGTTGGTAACGCGA-1,3
TTTGTTGTCATCGCTC-1,TTTGTTGTCATCGCTC-1,2
TTTGTTGTCCAATCCC-1,TTTGTTGTCCAATCCC-1,4
TTTGTTGTCCATTGCC-1,TTTGTTGTCCATTGCC-1,2
TTTGTTGTCCTACAAG-1,TTTGTTGTCCTACAAG-1,1
TTTGTTGTCCTTCACG-1,TTTGTTGTCCTTCACG-1,1
TTTGTTGTCGACGCGT-1,TTTGTTGTCGACGCGT-1,2
TTTGTTGTCGCCACTT-1,TTTGTTGTCGCCACTT-1,3
TTTGTTGTCGTAGAGG-1,TTTGTTGTCGTAGAGG-1,5
TTTGTTGTCTCTAGGA-1,TTTGTTGTCTCTAGGA-1,2
